Fp12_delta_psd,Fp12_theta_psd,Fp12_alpha_psd,Fp12_beta_psd,Fp12_gamma_psd,F34_delta_psd,F34_theta_psd,F34_alpha_psd,F34_beta_psd,F34_gamma_psd,C34_delta_psd,C34_theta_psd,C34_alpha_psd,C34_beta_psd,C34_gamma_psd,P34_delta_psd,P34_theta_psd,P34_alpha_psd,P34_beta_psd,P34_gamma_psd,O12_delta_psd,O12_theta_psd,O12_alpha_psd,O12_beta_psd,O12_gamma_psd,F78_delta_psd,F78_theta_psd,F78_alpha_psd,F78_beta_psd,F78_gamma_psd,T34_delta_psd,T34_theta_psd,T34_alpha_psd,T34_beta_psd,T34_gamma_psd,T56_delta_psd,T56_theta_psd,T56_alpha_psd,T56_beta_psd,T56_gamma_psd,Class
0.12375071877351529,0.06834204764085963,0.031079972184663372,0.029285285713886,0.0020781035633751447,0.015802063004782596,0.001965304994738404,0.0006446514939816572,0.017271389131430975,0.001386157198910925,0.020082981853836057,0.014871375471912723,0.014204706287834129,0.027177424303509598,0.0015150496186722255,0.05493312973952896,0.01972113959176114,0.0019470649027876763,0.04039662437400644,0.00218442352339227,0.00837805925618329,0.061382169372106,0.028789547821062012,0.033350953669494816,0.0022784343419801436,0.1224064901912254,0.011596005050854924,0.00213910631390192,0.10806001959219243,0.010592453911979565,0.03599258563792784,0.013396634139766217,0.021339765901582153,0.05451913907241564,0.005343417074410315,0.08728586576729014,0.004039655607710746,0.08493678717265252,0.006098592859396179,0.0006618560809519445,0
0.0027290294419237693,0.005600843948052353,0.004403898224196123,0.006473081762441917,0.0012103435514580138,0.011704292936678296,0.04237575323572852,0.003360899388960989,0.015393193509670444,0.0005773220704381552,0.15320006134657183,0.12402091738710017,0.0561047136842113,0.09440449624095018,0.012138481374658958,0.023670575560078455,0.0003106715190297482,0.0119699928900516,0.0041278891418282115,0.002545239482925229,0.0608197928902936,0.040446675681523936,0.0008888110502239949,0.023283050889705614,0.005405414354455287,0.0043347983982168214,0.013614280452469568,0.00077905189125798,0.004977900676621377,0.007863785855425597,0.12156337164570935,0.03982454702240955,0.025643995300649446,0.03527223146196748,0.008320277121345254,0.03814471840189282,0.010119322406531378,0.019203439068427253,0.008068862561720722,0.001212368221020858,0
0.1581815983784024,0.06625067484450933,0.043933071924278394,0.0437455669574343,0.0023755230167249396,0.13231152675631253,0.007418807399869554,0.049371804353511156,0.07463676172548993,0.003242728985043738,0.14480345716744653,0.01975709505365192,0.06626135907519817,0.061422829049341404,0.00372421923531939,0.07940498380128014,0.02761483000006147,0.032184511719284395,0.027449572991617932,0.0006949572670447868,0.07603242763213003,0.04402999356094872,0.018395032532591997,0.013739815741989903,0.00021161439948524322,0.010207287198691573,0.019368388990911103,0.01212212709378134,0.003126052284407488,0.0006809801077253385,0.04090247312998463,0.021361973595228012,0.0036841587420049365,0.010336251018854714,0.003207867471066876,0.10943065217702519,0.01784112794044207,0.050853407856540744,0.05858600347612876,0.005812200264611066,0
0.007346431612651361,0.019825837481372344,0.003315713851100209,0.013400425343839083,0.0018474340356158321,0.02804074042882243,0.045275732301590155,0.013800095160388395,0.010313387695712661,0.002207919327551844,0.10956369812171829,0.0578184613268065,0.07758731126357422,0.0006094622531616495,0.0013663249575857237,0.11927264026315987,0.05474324885127821,0.11457953247151142,0.020969852367273667,0.004690108005722605,0.11805861711628984,0.04425973412996466,0.026356765905702753,0.12253669394095708,0.012272404027155964,0.07969634679595783,0.055493021285695,0.027874152603496724,0.023817316635984118,0.0033835906508993523,0.14033808701898276,0.08269965095810991,0.10257083051891527,0.009788695758726498,0.0012729888863228563,0.08555366342982917,0.05460643502892505,0.07486209611905281,0.019923655158007286,0.003769101302508613,0
0.00832032250910153,0.006616691062716215,0.005788631580767065,0.002486203681126507,7.573478746953233e-05,0.03333624721250261,0.025992162932939225,0.014838946195058787,0.0005369666556769327,0.0009491027508991066,0.040041074500964835,0.028184727125035003,0.01563340476380759,0.00048358355024853694,0.0003504143506571223,0.06390926165548416,0.02352609309962092,0.027847718990011663,0.011644479085670546,0.00041911311057400984,0.09203161522051351,0.030084628004150467,0.024252067300591068,0.030623961224832602,0.0027261570989457152,0.03298992343094387,0.025971525525486663,0.012867256760056248,0.0030810910311207425,0.00034870990056340857,0.07370155763594821,0.03779267492559209,0.03548570512610036,0.007619994872270136,0.0012693055249260654,0.08079383037718346,0.030856295476553018,0.039142334646940266,0.013825019395533801,0.0003820900885982486,0
0.013368650359137257,0.013057736483781834,0.007634227311592703,0.0046863886956399065,0.001090070989817898,0.0635236188545163,0.006325305310118073,0.057073700417528295,0.0031496737725422858,0.00029054532286410147,0.16214841375487743,0.057222610217304806,0.10911385423244607,0.07228018140584624,0.003450540980843472,0.2928002956386855,0.08790832980961547,0.17338007603539968,0.1051280024730745,0.006434494747907798,0.09660522833372359,0.04173921041307299,0.05140508646750422,0.0839730187029126,0.00998071270876836,0.26628164347948025,0.035056500261136034,0.13255879140145058,0.1445280218721253,0.011270259187317682,0.17503759831732124,0.059068237312766045,0.060252199596630585,0.05374357375700646,0.0021975026183912935,0.056281337442875,0.007142465564415945,0.010588693260374593,0.048322296441107804,0.003436631404132834,0
0.003840999089312014,0.0013153117375497153,0.0013478586925621565,0.0020109609956422293,0.0001260238382278913,0.02044223243352572,0.00922226573378751,0.0058275872978544516,0.005575066008061281,0.00011602229529348099,0.005991803307086041,0.011249327027716402,0.006517264163557572,0.01942545271708894,0.004388614608155593,0.018907627116315773,0.005993940500621436,0.004137611400477387,0.03545095815476264,0.007513095655829985,0.12400900786726554,0.00023706106362283985,0.041566399860344994,0.08274693677601351,0.012903848210204152,0.05897602948562841,0.00793104254621596,0.006636035244718487,0.053680533091736794,0.008695417150159278,0.2193387423494192,0.027885342525467247,0.002938077935836801,0.21698413289031993,0.040549449917556483,0.1483619191691946,0.0007040157747653375,0.009509183729730142,0.14568904504704183,0.0246691303790835,0
0.003440395979102062,0.003410693166656445,0.0011100739166669798,0.002325634021031862,1.7561584132759337e-05,0.020035312354162782,0.014382932352766192,0.007099544396456173,0.014732555949478358,0.0007998843864641704,0.0726525184040907,0.016980024223989976,0.012718704643706072,0.06274850559251245,0.007606692479215032,0.13547286263019498,0.022350543201816814,0.029293615846431878,0.1162251945049088,0.009304668480888161,0.13915908252694376,0.0026365505840093423,0.04588192113665992,0.11223770420554302,0.007786089183492242,0.009494404854497263,0.013895454794305304,0.004067104864283945,0.009936261899500212,0.0013183355913896693,0.04010553517291027,0.028795649133048773,0.020177107166887323,0.013523687875319504,0.004290630324139399,0.19673120299415958,0.015018796609222396,0.029547777738870212,0.17888695405598587,0.011335444795172995,0
0.050837936125370686,0.0032952696266381754,0.0075315599965658925,0.0395128721089464,0.008122917866303299,0.0004619913470540471,0.007885904575378688,0.0056066589261771355,0.014510799599482455,0.0005404654198213482,0.032123568395469204,0.00244787172019445,0.006370620669338342,0.0293772803605519,0.011425204159262452,0.04749764970987835,0.01861912366728445,0.012506949822626817,0.05728689263280473,0.020579843001911784,0.032535953553795516,0.05759321636411764,0.043611368033013215,0.04950814545965965,0.019064893946523668,0.03581061822851411,0.0016317217889423724,0.003387722172669305,0.034766868650958405,0.00802060023806224,0.056924650319727266,0.02320093692980832,0.004647532738434129,0.03305540983588379,0.004644225284292945,0.014508021097055734,0.023524866315376466,0.021246392256751886,0.039497303313812904,0.01890008334577721,0
0.01647603581990531,0.010428407046444793,0.0022064623586210697,0.01712088850180729,0.001862851303331847,0.03720609916387063,0.033291388444806724,0.014041820823744666,0.002322013959692809,0.0004366816321873927,0.011476977473544092,0.057163238277804757,0.04710539304769046,0.011843417334096787,0.0001784797705516,0.11894106089570244,0.05841315898177421,0.05113473733094551,0.024970331562165785,4.827270187389432e-05,0.19199788734228473,0.048834586707743516,0.06149845232902623,0.08970185617248419,0.006434852664194941,0.01681212187901293,0.03936712198084988,0.043648779713830174,0.00641534171815393,0.0002674784811305922,0.04013656744680988,0.05450386807895616,0.004383656115231116,0.007267805665951893,0.0001652686761707471,0.128180034089952,0.06997404714752539,0.05152679581312061,0.02703907544652462,0.0005109950800557201,0
0.045988118316137916,0.0077952718877579985,0.011403061497246708,0.02793832168330139,0.004249952855664584,0.019857555139005334,0.015922014746757973,0.010545711055819543,0.026109597236852577,0.0012870659801749416,0.04581677223534947,0.02756108994578066,0.0033297255566314132,0.011495507691196671,0.007249448498354447,0.017002636961195028,0.023314179627442866,0.01073744689887167,0.031218421880022773,0.0008266723447771032,0.18154811831794543,0.10150072660878358,0.030686834882597575,0.05587324996683635,0.013563770474220815,0.042549586174723486,0.010850423529297326,0.0011574166640525019,0.02331444067005428,0.010188160274234213,0.07644863983967082,0.0043266145541257656,0.006092353009786847,0.06448448448245164,0.02405773677085174,0.09833092266121546,0.0008789986005581507,0.00961958276225533,0.0877239134460494,0.027534006212953648,0
0.01538552927338288,0.02469230463295366,0.0053507992014587245,0.015720332477364367,0.002257714377625052,0.04423937813924106,0.0017151375710729722,0.007626710560060174,0.041831602115501215,0.004888938584194256,0.07492833344395955,0.0018276676699926636,0.012037174355457897,0.04421296062679608,0.005278242744781513,0.2263047153104123,0.027318137491141925,0.06168583867019768,0.17087550889971131,0.02320738434363563,0.12120646981739347,0.02123384993460277,0.02105443604223521,0.12872850104339423,0.021221184171720354,0.041351063279721156,0.04553576139096979,0.003248534499993766,0.008187684670648149,0.0036958236239122873,0.37541973529486816,0.02749380781128566,0.08338366030902503,0.32151267393071964,0.04709225451453411,0.12878986592676078,0.012271067830439214,0.030087808927845412,0.12482940576828445,0.020136113527381018,0
0.07898384962858296,0.06366358087871536,0.031318165870664605,0.03998301316398917,0.003096290741749879,0.20292457489107207,0.07072560055109389,0.08512074005635675,0.09761622280868996,0.006953626572308459,0.250045410739134,0.06195543566274833,0.11812660762930126,0.11476830149796224,0.00865316164049688,0.2801574425936235,0.06370780078550084,0.1351187326702559,0.12837174167670173,0.009273780525992452,0.42750939661257625,0.05117525389199251,0.17841910579045545,0.237102848730097,0.01920343647865666,0.251887634281994,0.03953273937728731,0.07413372561898696,0.17582438205010642,0.014852230752542106,0.2627155156429277,0.05442553014163527,0.10265955951190348,0.1464024732870962,0.01424832816246018,0.23439405702682548,0.05753374158083739,0.1035678829938879,0.11666256179602594,0.010417275635129099,0
0.009301861774004827,0.015141119295177807,0.003483049423501486,0.005402340627646215,0.0007813037046692164,0.08583656723436184,0.041019519542999566,0.03326663716717086,0.03811270734847651,0.004598565062396411,0.13749996703215983,0.05299342938240548,0.0491086583547986,0.0655411918024655,0.008613716163656682,0.15894559066422298,0.03402257480590372,0.0637606597581033,0.08824528887681561,0.010509688111992717,0.2653227032986392,0.022116407386248232,0.09418469806875285,0.1778478111654116,0.019731080028086087,0.11358218409686027,0.03329787656740646,0.04117247814235479,0.06705649895182561,0.009571126439694808,0.15343593262531297,0.02351438623854546,0.04138624653205173,0.11569989773931273,0.01569083072231733,0.17777457522028584,0.04142006631049602,0.060397641375538894,0.10455989047945617,0.013295688420162596,0
0.057061866789181015,0.027077897388756128,0.01584052194392501,0.024814163674237097,0.0011430616301467689,0.012053342001517642,0.0565895754010699,0.034358454837056934,0.006272934209350378,0.00026816353752708195,0.006621840786935729,0.06796428430257201,0.07752943009698293,0.004296818953091849,0.0004761356013411205,0.07011868048973419,0.045265401515828335,0.017056231649809045,0.012822781594213933,0.0003401840611570268,0.00504565416374958,0.021907745339471874,0.011010158812357618,0.009690783023808325,0.0008434317240541469,0.04370090278915906,0.07292310383446268,0.059948415460890206,0.049908981265299523,0.0036521903617831725,0.021435375227115583,0.0657571675042137,0.06738567320936095,0.025335712660573356,0.0031523450218945313,0.05976486271452658,0.05507974749260211,0.002716249402286597,0.00848735023494919,0.0004775147656402041,0
0.03953396435723944,0.0016442527410820418,0.011669972911642304,0.009116140468355127,0.001156881716399286,0.01457182305017124,0.00035606337537544275,0.020222904468842395,0.010144032430474598,0.0003815564466878585,0.00913405895967856,0.0024187665026685623,0.023732179459322406,0.029206616939932484,0.002438741882880815,0.015666477955102842,0.01219003593280582,0.029343697211750508,0.030974536782328727,0.00542788926612808,0.22073532333709955,0.11789598331268215,0.07773891874045859,0.07497227906562817,0.006599635213006829,0.11855047406992114,0.0014632348261898465,0.03986645441589609,0.07164899969341912,0.006946511847435416,0.07075061710233804,0.058803601770192046,0.06781458833925715,0.16603896593293765,0.03229858484109428,0.1021060947883225,0.010443788083168398,0.1216494860720986,0.02297796395366905,0.0023032428278936846,0
0.008113547698651802,0.03107332520312031,0.007821771209611153,0.028545558364120566,0.010629702861091536,0.06773877114000254,0.00993099448303078,0.013064421986494254,0.06665672855290877,0.025592090623914182,0.04110450606650862,0.005466865151144681,0.013354668711095224,0.04177240575283253,0.022612025527068355,0.052998371436029396,0.01041281094451528,0.0009616085929644858,0.028256003986315947,0.021125045221759023,0.06075019023146436,0.026600418260374792,0.03713761133284939,0.0016892286914242383,0.003226580826752881,0.0443238468236094,0.020366001209025625,0.020135599095022577,0.05441603420442981,0.03023119006327811,0.12034208713252625,0.0027813363922540024,0.014327647923956438,0.07281220829949597,0.035300831704505695,0.0005339063647065434,0.01170703129117727,0.005986191015841719,0.013136322547042778,0.01235516879774444,0
0.08270788664081696,0.03520812223976175,0.0073440844039197525,0.020041498236427834,0.0018678519206809618,0.1378868160853749,0.08849220818611475,0.04269946559863603,0.04663347624495419,0.0016489967709617552,0.07124046715004251,0.05433831217096677,0.04729032018005144,0.01846190965119386,0.0004209641020785134,0.16072729926855345,0.09035456494311171,0.07706885327316422,0.045677857384014156,0.001867437643243845,0.1446817844336593,0.0640460587672277,0.06870963025645621,0.059569034670311216,0.0030326332390711126,0.20570658686871368,0.07168534184500204,0.050249727831579424,0.13075848747374239,0.013382491122064341,0.281796084529443,0.046457933446274774,0.07354194977460154,0.18384486442518916,0.03401527817082742,0.17479458688124194,0.09690008018298261,0.08587104953903485,0.05067189763332616,0.002765300169508292,0
0.052678055826488324,0.019597118284454512,0.008321817882647978,0.026667909285841104,0.002664642078356061,0.019628355232134798,0.01296726299932835,0.009563266788630662,0.0006635965811518513,4.472788955107304e-05,0.014600973335925416,0.009790639924435296,0.012195567727897871,0.004605064199718595,3.949062969046133e-05,0.014842725547385749,0.01699587756857268,0.02450807998321547,0.004753529802579398,8.010674952229051e-05,0.04047464175146531,0.011849767831249164,0.002727921720428156,0.009735355381077948,0.0002520859131842318,0.010076988851265511,0.0072172504572522445,0.015945715185031267,0.009507260006271764,0.0010354737849320068,0.02402527192042092,0.021955037894693025,0.006281217336562617,0.0030492253837126337,0.00028328682771181554,0.010404555356875123,0.023401655817202105,0.03554852258772653,0.0036967784341670473,0.00115312602753425,0
0.0044256587822871785,0.00445004066278637,0.00015128017213099365,0.00030132320000892353,1.8934632786946396e-05,0.01145553052596704,0.004734210647521442,0.002992844705012654,0.0043915621965703935,0.0001536911379246403,0.03754998063993409,0.003224445656568792,0.012208334555437614,0.02270787550604455,0.0011502670500271308,0.036790343876258125,0.006060800917555426,0.020574505184924152,0.011503559683341102,0.0011267681149296572,0.07284275663535511,0.06780051410015916,0.014730686540343513,0.007584366592109426,0.0014019619582359456,4.93755562367415e-05,0.02271035834068086,0.0005383224814351981,0.016968631821577054,0.004705835664250596,0.0011980234640383003,0.0011873463089656644,0.003813176028635054,0.007907366392223697,0.0008480416188710021,0.035617218375979864,0.001545299320278748,0.031588310240489595,0.002110586834716932,0.00017972853407261132,0
0.10610409659951969,0.07109857891121812,0.031141785122749704,0.024105172773892986,0.0012567221593226849,0.01153765464571177,0.00624791208753675,0.0029188287375705724,0.004198024338784856,0.00029276333894142064,0.01799489129074694,0.01278331999532209,0.006511559953553514,0.017786633709692024,0.00014919472832246533,0.04972029764245284,0.03970019163774274,0.012091101643302626,0.02695345562939909,7.549864393394633e-05,0.014783189396693208,0.08557895010717129,0.022233646787371997,0.01926508165545225,0.0008983705575954177,0.05453085444088568,0.012639609111875783,0.013290432125368928,0.03589887601400393,0.0038782598170351815,0.009317852442712216,0.00948649381854541,0.022080439552753156,0.01940945207996296,0.001196537096834942,0.05552055312674731,0.029501677986076086,0.07756087437600323,0.0037585932462733534,0.0010158235696830394,1
0.07165444490409034,0.016668954566784175,0.01957056669664131,0.01566814945999586,0.0003747735970829093,0.11632269883731683,0.0193571092957828,0.07597252531203505,0.06319635476898312,0.006761800788829131,0.14475286195304737,0.01938273641807778,0.11377825911407313,0.06074884674839244,0.004169376056907854,0.12054288612190456,0.015489249517813553,0.059845825991336796,0.05646436803388,0.002217879278223201,0.05467599297784287,0.02952891693769652,0.014688495563369555,0.029233970149058874,0.002073239039460107,0.048910802540958365,0.021892005817051946,0.0084774970429837,0.05466230990201975,0.00987262045406536,0.07972020026779936,0.022971916095849476,0.01848803814868985,0.07845024226383869,0.00922210049094435,0.19262581441993132,0.0805005274865123,0.08280065042716572,0.06045263771822586,0.0014661801302320837,1
0.008876826726457954,0.0014684740421568032,0.0016916810504421786,0.011939365525113967,0.0009082779841052045,0.04763589224054032,0.004036884305714028,0.012297381473588456,0.03907319507052269,0.0024346294390262214,0.006764180751892335,0.0008701791115066915,0.031884999875188,0.041521126763717844,0.002316955247957468,0.03902967266274909,0.004479888916003899,0.027766759907507654,0.0634886602536341,0.005041614195205458,0.026837703353082998,0.08788445710605614,0.04377763845461635,0.07504256888425044,0.011530584416200954,0.06088524452346111,0.012730442599909603,0.017064371697238193,0.05749959271038796,0.004034921849632742,0.017445434310746077,0.009942237542392124,0.04246438273387845,0.06457302365404088,0.004885436943237323,0.009246265374374785,0.024750791807302358,0.02900159210144873,0.03250733040008835,0.0025495434246638107,1
0.022175512032021394,0.004518772757644479,0.016171478908950834,0.0022268123301117035,0.00042270206806809506,0.11432640495271351,0.026959889662542785,0.07565709911792659,0.014471473401957133,0.00040917722482276256,0.02299378233239069,0.021966663525465863,0.05303304809256826,0.007014282474699499,1.2656732498946693e-05,0.23363602949240697,0.09355360960844167,0.13057708205316476,0.09086159997759441,0.002994937982953707,0.07668235521687794,0.017340178525376948,0.024499286987667512,0.033931622407723405,0.002253877614690262,0.22830596276995446,0.1057329885851751,0.1370564252610366,0.07690076588744904,0.002797243041504737,0.16183632044708163,0.0809993036996638,0.04677056722578303,0.030092860702498066,0.0007023226823705815,0.007500528088954683,0.009274097599406728,0.04049864725118388,0.039564759006499806,0.0031640543558494744,1
0.010562755998062445,0.005879719346420537,0.0020918111121212106,0.002874802165920012,0.00018787601377268779,0.034916366791892806,0.017743818522974436,0.011437143731815223,0.009533902127520462,0.00044360828914406786,0.05333301789692935,0.037403866182446927,0.016999982813499896,0.00950568193641153,4.247635063617987e-05,0.008093895863191425,0.015848102348838128,0.0026874740476591774,0.004027499401336912,0.0008451380055236684,0.0825358218338606,0.03840247958836529,0.041322841719977174,0.0671951589977454,0.008534187065699876,0.011800815673505882,0.017776254304031097,0.00482000666949188,0.006270500872029593,0.0015273757049386806,0.019635241151937266,0.03740012257706027,0.005921390797698142,0.05417222476822569,0.0041783320384959615,0.015903632699263315,0.011613421617904768,0.0014331032688904982,0.025934657267649916,0.00324194269411487,1
0.003948549763538645,0.001753539994070269,0.0005611588412889716,0.0007440874426342566,0.0001344524771030942,0.041378034764764204,0.014719064936983162,0.008590653847605163,0.01144403603785192,0.0013605761996109628,0.0507934087709071,0.01198320497685365,0.009098304364345888,0.02160254552933282,0.0027658070505701734,0.08691466778590429,0.005542255942582258,0.0389449602252603,0.02945975830003436,0.003169024671934534,0.14918303716544595,0.02584905090358562,0.07833034633999322,0.07655955085564621,0.00922348916005896,0.02824108515189716,0.007056225642295549,0.011431258893628185,0.01806610048220321,0.003208174138046929,0.028026063842739646,0.0058315716019216035,0.02023896224578474,0.026215089542970832,0.004046718694653833,0.0004843477365531479,0.020695858112226018,0.0037531659435487696,0.0017075249251787966,0.0012566515984429216,1
0.00011849716131828725,0.0040208625996137615,0.00743435494992966,0.00367668318300967,0.0003022481285091049,0.017258905409203495,0.03489307949570769,0.004061527082753147,0.012765855307043321,0.0025650363426884685,0.15181487564972473,0.06755593261942988,0.21291471785181362,0.010688382952100152,0.0027712754458583725,0.028910492039206426,0.02486777630505657,0.04081901864996723,0.0034862142979067007,0.0013083970436640812,0.05325621471936037,0.013651521773893158,0.021902085138958374,0.03475037788622204,0.00443592375856418,0.06219090952373696,0.09328131704277903,0.03185105278475278,0.02265600005849252,0.0006544108836084089,0.06026802129289699,0.03363895493073321,0.04159360391214584,0.04496931050300523,0.0037371736450291316,0.05384079711695727,0.02583688435583098,0.038728825509099896,0.0411971431903143,0.004596748386398889,1
0.04740652630411801,0.008356046660671773,0.00660351412136688,0.024917362945721354,0.006948970256873032,0.02758873902656067,0.00795781440276297,0.0022529185505148,0.026679244487607015,0.009844653186990794,0.008747418773352167,0.009241698435354773,0.00269686545930721,0.0006470563556144754,0.0012172721558941363,0.011974955675666199,0.011238657301852056,0.014369657325708773,0.009536741702192375,0.0011260773548607116,0.04151464785991571,0.04518314227333062,0.03345663656360606,0.03598396312544877,0.00033213191875151177,0.03188431627399613,0.009068880130575191,0.001454644799122086,0.03902992433937741,0.005476123838231456,0.001256589367731653,0.01862929366074864,0.0003975307417758561,0.021511302567993662,0.000289231469711073,0.027054762416553135,0.008723582055068513,0.01683349633145026,0.0036933954138232694,0.0003897717336983457,1
0.0703355868912966,0.10378618577039958,0.010281830537338124,0.012617376615240178,0.0024634181711508723,0.03754903952456279,0.08192933738897293,0.06351194175332596,0.05678943571713029,0.004460182366076584,0.10203217860590236,0.11443469985672,0.14592086151239503,0.07245223246992237,0.004811577080351306,0.1515159959044476,0.11933490112039202,0.16293395305594885,0.10903898926719488,0.008346757739239655,0.102528874669852,0.03499292235712331,0.02713007076320674,0.037845237579782434,0.004700885408203204,0.006476028910113785,0.11619614712130885,0.054718990133651266,0.05112391650956888,0.005272496975694577,0.12551249303963952,0.12134492096693913,0.17902922209617123,0.07036172719412864,0.005432655406374507,0.1729634397973115,0.13572900706628366,0.18944926860722208,0.11938791317606227,0.010896061192746779,1
0.01595819034906998,0.011489670913353844,0.0034361442448487822,0.002616849514058388,0.0001926582783562459,0.057728592597705686,0.03884930915353488,0.016278814822154722,0.007624651366285828,0.0003551200104652218,0.07997454849629781,0.056762042186619927,0.018249786042605846,0.013558582564801375,0.0005849408758074018,0.11170520154767638,0.06700976240339573,0.03312584420984548,0.02424607231043901,0.0010714322035954179,0.15477501755068057,0.058252576365582745,0.05482600809245993,0.04957405513437036,0.0030306181206218048,0.04528860779640387,0.04628694235275775,0.010314527629127414,0.000315916213070401,0.0006189524117760092,0.09965956032022316,0.06994516673806582,0.03648055181190896,0.006099382212333783,7.481726043908265e-05,0.15400045290465836,0.07615003917793436,0.056543036322875835,0.032352088454985245,0.0007739530304524827,1
0.0033854539614375234,0.0023983451074604534,0.00117659971459394,4.594243954599009e-05,5.606025532816001e-05,0.014717918521586104,0.0019660053600883687,0.0012872391449585269,0.010359330911423062,0.0008606319406610501,0.021514357318683897,0.03236303689268863,0.013103743759273243,0.01235229720763853,0.001531760098465766,0.07485338289334642,0.03862893754469093,0.044737298963362274,0.010514864335359489,0.00024844612745079063,0.0754490528179515,0.045415995810772575,0.0075364745542977896,0.09969096277714237,0.015856588812411997,0.10284947602587602,0.02319773735983119,0.016240282890098615,0.07858592026074133,0.007680095412881096,0.010045405529129914,0.030330489196994853,0.03528194694227506,0.04659201416610875,0.005987005138802419,0.07970333104757166,0.020135793997860724,0.014396693985124165,0.05630352485870918,0.005747042216448239,1
0.001467613184008898,0.0018637774156513576,0.0016693187352478482,0.0017061216785741393,0.0001298567453811312,0.08272321800462001,0.013096825344030394,0.0034488201253135772,0.07870985996769288,0.015882937847539046,0.00218355083118027,0.0017206194344922543,0.0034357447886476794,0.0018037538917801271,0.00019044737656261253,0.0016346448395634372,0.0038939668543305217,0.00454687766706606,0.0037432298101253703,0.0007655775162020845,0.030882165541070095,0.049876885119890996,0.02108350747664406,0.03016491913362207,0.003546899911115748,0.014199365125422414,0.004675896804282986,0.0077110276927322835,0.023906183657881497,0.003076448729202562,0.022265080283398464,0.004351123163484821,0.007448258257912649,0.013942246861497254,0.0011330243155956987,0.02261427221558926,0.011724416259358827,0.01986278446865236,0.012928935254994445,0.0011110332342412696,1
0.01440414916363475,0.0063620850013309665,0.006690027224737723,0.005595163638261229,0.00042175444462142875,0.022685207394048224,0.004694582372593681,0.008543235992163917,0.00525182943347631,7.221701662211153e-05,0.017783900835327493,0.0031364579657785496,0.026334608632855805,0.007512137166078028,0.0003876415304779222,0.053425644814093176,0.007564080807143825,0.05741944178798283,0.009247450209531882,0.00046901434258137496,0.0785848575451521,0.03371625400883574,0.05221033821478463,0.055476495764521405,0.00629906403623324,0.08202260915083526,0.006198298363210342,0.08160739800325655,0.00602947295860716,0.0004111870730076719,0.04648291625367856,0.016769477519345932,0.06898837598981611,0.005300349324582343,0.000949630802728614,0.042217472445080284,0.008977711525176957,0.03141768880536916,0.00566919777295917,0.0009539713616293125,1
0.007485381829558935,0.00047049402882254343,0.006965510547763738,0.001489234126258029,0.0004329629650193519,0.028218558489517376,0.005544741771390638,0.036763447093636215,0.0012002873401736336,2.3460181105977324e-06,0.011271969574644547,0.043192776473157335,0.037917278423021505,0.017365813349904655,0.00022823019027367946,0.007947622200681848,0.018410076252698082,0.037906841668082114,0.008760641915806569,0.00017496579538057912,0.03651293176228726,0.02476880278291571,0.05826197760305443,0.006525291180043857,0.0007043448641901261,0.06092594136167517,0.0025522494929002826,0.05970266105327997,0.007101251749534042,0.00011029284627575684,0.08113375715049398,0.006115942985525258,0.12385014495974406,0.029666602658743463,0.0029400245084933055,0.056442638239166454,0.02379299202084295,0.0900477910328088,0.004836236914329939,0.0007255149372995713,1
0.04446443459014027,0.008283043951604369,0.00037744628867453917,0.042071854998252445,0.0123751522492078,0.0928487995619014,0.028423293684952083,0.0006888905425836908,0.09330270041135928,0.030477399572670615,0.0178193642429767,0.012042622283391063,0.0014453172260091435,0.02207365967914185,0.008167227479881327,0.029494349658460983,0.009522184120493632,0.013223252353789239,0.02533266472931653,0.0057060106956194154,0.07259034059347053,0.026668654354294302,0.03457415885482398,0.021278945755119516,0.004567850041513133,0.15287519001358085,0.04555048708085235,0.004492079115211024,0.15685583726233485,0.040828503443798674,0.0014290690106434356,0.013944863932939172,0.0056204331428297005,0.004601887935290289,0.0033468701364758394,0.04638668415491615,0.031065121020479425,0.022379302898089953,0.05189728550276726,0.008387781564745749,1
0.040269603247653496,0.00034419881331562707,0.032044519710627675,0.00934804022321399,0.0006560237134727642,0.03722690734725226,0.010975453039847705,0.05288096855343202,0.002338330700909108,0.0002450059941098504,0.018990541315261122,0.04209807720703679,0.07698591472013638,0.015417628149765439,0.00029762180222642556,0.03596091681502406,0.03305658047303958,0.08772450792543118,0.01758064996682651,0.0005330343912138416,0.06537711748841962,0.015173986006446483,0.06478586448299034,0.016422918580902807,0.0002518635567780479,0.0849269167171503,0.007097652811407895,0.07027130143009594,0.011890009369352611,0.000516114181911886,0.05169968546713771,0.0015946135129170091,0.0707307549701228,0.011152506399832007,0.002466751244499745,0.09842303154356838,0.05220305043691845,0.15187576852508652,0.00224036645272295,0.0008511054376215098,1
0.01787331730566566,0.007103898274355647,0.0026595744186186307,0.02353196290264055,0.004280800668986004,0.0440951252731272,0.0051170838546752695,0.0031722170875523245,0.04041574839891398,0.008544241806271582,0.027787250688389276,0.005817938184062843,0.009314735523166529,0.025712331350815895,0.001163964770247175,0.03923999389236699,0.006583125464660916,0.015254757460260629,0.021944274655438856,0.00032154928489392526,0.11910927465699,0.036758232011263076,0.06726852032339795,0.02120080764558749,0.0004681804616389826,0.05697622107607947,0.01766253923239758,0.0019917944315878677,0.06576444762891254,0.0129239972822877,0.011755426934943247,0.00046845774781267835,0.00869033727913815,0.017501463376697862,0.0017013456043684962,0.03755475414843257,0.005284820614109231,0.023393841488570544,0.027667603536806418,0.00021298017840803984,1
0.017056465035495627,0.0018693074762393402,0.007638548467832511,0.007669102648789269,0.00041972041033832685,0.14444590745591468,0.12884065815303147,0.042234804456776846,0.03740401307484495,0.0020814622544823606,0.04385140013783406,0.02931611609442919,0.006932111667957042,0.009775917367531653,0.0008069491157138755,0.014871368703646026,0.026167348325378703,0.006689698393732638,0.002847175419614101,0.0002835126141657275,0.015449330631706615,0.0475721092090404,0.01740105098543969,0.012216355178631233,0.0007972668851668652,0.07036766178862691,0.010503319441087011,0.014915303515284889,0.06397505059663171,0.009262536673099054,0.05164093465870312,0.036133109130403546,0.0023602365502670974,0.016440010133826566,0.002844288453463772,0.014781682226451043,0.03128671328446325,0.005135624576845202,0.00804630649107671,0.0015766077377469745,1
0.07232090421892567,0.04440999907591635,0.021763448555667676,0.016866288506453674,0.0011367879813289992,0.040977220920570656,0.01369624201349276,0.0019820006743466734,0.03243730134553297,0.002130990091303298,0.07568143024405888,0.04255233365836153,0.09374083334735711,0.022558963340180677,0.003038080858506801,0.014709064875295885,0.01361333663146902,0.010051170192612507,0.016139213073053854,0.0026126022724983645,0.009175912545278497,0.011763489279963846,0.02256816045334553,0.0030764177082148736,0.00041895372163854635,0.06640968190550245,0.004510172335434132,0.004021208865949949,0.05659652818538434,0.00919580055237149,0.0853844888500575,0.024800624995753334,0.02634533736323269,0.06777236809746295,0.018392021771091237,0.05732072932939131,0.0298704305108011,0.0038375131425033016,0.07806233772914178,0.014916034027222342,1
0.012914825506742278,0.01222918501558698,0.0015740867968509521,0.0004727404224754324,6.62792882276049e-05,0.00783195501064926,0.007402652670345317,0.0023225890435304777,0.00244967108853306,0.00027260244115030036,0.0030536346420511062,0.0064923304073052635,0.004307763909329007,0.005751404762868881,0.0005550163769379849,0.00976327930759291,0.013438549242956066,0.006479567949863915,0.009955474105461048,0.00040282662566721184,0.036595761279388794,0.043931295772755063,0.005057352043027888,0.00720472861258227,0.004185146509168914,0.006500249098134181,1.4601359273974657e-05,0.0008449046790172041,0.005728056496966869,0.0003641460797806722,0.028253270588822432,0.012407471138405346,0.0038334596937011772,0.0327615167029045,0.006472539421135588,0.043135257295098706,0.0030967459926334318,0.0024263187324694013,0.04332439793393232,0.005201369408220437,1
0.016527529309472433,0.006862985553746662,0.0007481427269149278,0.0013521750040164475,0.00017000632151994966,0.09865094239862715,0.038965213386125686,0.022498442157192794,0.04190891432466158,0.002181895964421552,0.10240243210054395,0.03138477127364084,0.044980503715060724,0.030733285599079244,0.0010609246035740236,0.02818501415649788,0.00287818403436213,0.02006253301240221,0.008947435870266987,0.001133410043451447,0.03180894192943423,0.017473403398230808,0.04671251779461166,0.009939534833238423,0.0012180231978586465,0.10221271688630151,0.03962667132048803,0.03100040756204181,0.03396021113932998,0.001476765921142275,0.01337935414895608,0.020083641591899515,0.004905148118464542,0.015139283074970006,0.003208331337075005,0.0021429373522371398,0.015177053648064598,0.009820562851470996,0.014705497018495287,0.003671173221127334,1
0.012166096780541702,0.0008864607988980366,0.0007788606833456259,0.007991538655420967,0.0008556769133903088,0.009308888605205401,0.02572725098331438,0.015222527463031058,0.026362911990330876,0.007328860337296228,0.07821421867490119,0.02811238354471554,0.06509298863911125,0.011153581331799667,0.003979440826915084,0.037397860237309066,0.026584193871359352,0.018345947602068688,0.012744138655674059,0.0019252935066942124,0.09103745483469572,0.0171257319717176,0.038640640824662495,0.05328729137296333,0.0030209592652560542,0.011931045808183938,0.04046903015951235,0.02095428541682655,0.0485714132063951,0.016017649956600252,0.05597700215789464,0.020180743177688698,0.024622115320334925,0.0214449060848092,0.005795272601300576,0.019114555582697368,0.03100857517734057,0.009489922737993817,0.032408682769135666,0.014608916603929746,1
0.009231494022230224,0.0024486566103746887,0.0007309838985548531,0.004077487874149743,0.0004397614380185086,0.06526957884593987,0.032484112616735186,0.02175706209981282,0.020863047724107943,0.000677821750289892,0.14119010529333703,0.0847650184380567,0.033161351601703415,0.017366123320643363,0.0008020168145310594,0.023377586340841527,0.010017147537025956,0.006375202059806878,0.003643070188030957,0.0004950727399650988,0.010561708073842713,0.021379791713002264,0.004317155773244791,0.006471846062228073,0.001227373646548663,0.0015060500483677908,0.00943444052594758,0.009652010843758309,0.004581584744365767,0.00024996466576192875,0.06546171251896582,0.0033524878335233765,0.005532004481236225,0.0009318859544325334,4.821433948152447e-05,0.01769306052739339,0.0022759672360860572,0.0007885221755033825,0.007318013285349631,0.000794687883976447,2
0.06313298241574739,0.038212983679803136,0.013640374273957097,0.002198544166617345,0.0008781982510838445,0.02186926451100024,0.0019239017710512563,0.03190567469923149,0.006872569816305157,0.000289494501877763,0.03667728473428111,0.007997955256723421,0.05216756189256468,0.010934273112151961,0.000412783634361363,0.022913575830742827,0.006774445114293259,0.019227777460061417,0.010867612249664446,0.0004101164363225083,0.014185774547506247,0.0117787233762561,0.006570632723908228,0.008545651705954251,0.0005622016123389933,0.0024529861213045123,0.002958173037778955,0.01507853400366739,0.00593074604104959,0.00030910725921592496,0.00133815145914018,0.012736195302542136,0.011532481549377006,0.010969832138861112,0.000514739243625419,0.03583842795267145,0.0405988989498077,0.0036667785360790794,0.002568165683259729,0.0002177616285020769,2
0.026766440802126867,0.000884777012147342,0.001663151077312415,0.024669179935232544,0.0023377201333465046,0.06317607257860858,0.013261032416413271,0.016222789989331257,0.06310170020682304,0.004954599868856938,0.03715823491035458,0.013302512107623315,0.02463534400336248,0.07187403678045783,0.0055343764473881965,0.0663128118283246,0.02269002470354528,0.017326582898131188,0.10293269236065368,0.010502727904332758,0.22961829471902018,0.05367470029327236,0.02709377692836576,0.2437998902711612,0.024595108567357207,0.04793540838727506,0.020406558802909508,0.02167512700530458,0.04550880378791278,0.0034117419562503387,0.037859711079133496,0.026975557132541822,0.029602780048430782,0.08375963900213441,0.008415057920050956,0.07834541069012496,0.024225264934104485,0.001891690098641402,0.09776905674000688,0.008206882252212106,2
0.03875822953002295,0.03817033818175916,0.008560483336984046,0.006894853423841132,0.0002716693627974107,0.0035872175780956583,0.0015239215039609955,0.0007634060089624917,0.005994091221561006,0.0008388688111099357,0.08464720381051194,0.052146374444453386,0.022554091270393775,0.012495295801565526,0.00028111996694991275,0.054645031851137005,0.027792922674152454,0.03187964790715406,0.02583367082600796,0.00241679858606468,0.012756731597676263,0.04730591517540342,0.024786547407892046,0.015715221264314905,0.00312287749369395,0.019584080371283896,0.006116931804488135,0.004088944182749604,0.006812836770223693,0.00043633977471360923,0.010502848221931482,0.004321135180249569,0.014534482982158203,0.027050971484968073,0.001546566291538507,0.08597567036796716,0.08199006134019199,0.059164451723491884,0.041623927970807814,0.0026901296261622114,2
0.03674133223077136,0.008763293856713691,0.02013135759663132,0.04086478702769503,0.0029622782750699734,0.3641367032230882,0.1294739394722399,0.12658184019927268,0.1387262245775485,0.009844868622439601,0.034610797510558955,0.025518580971762517,0.035790134332289045,0.04086658778463298,0.0028861513435574767,0.06853849567023318,0.005409259716489853,0.04357717392489724,0.05135461664883159,0.0031484923701157724,0.09313920282523747,0.010969703204493073,0.04341278511661453,0.0725136623635735,0.005554474163189433,0.0681381000454202,0.007330651363485749,0.03997411834565655,0.05350743283313262,0.0039184264864728854,0.05531725694056944,0.020938225936765434,0.035036619249002546,0.06203425352771455,0.005058989776762451,0.0895536656370316,0.007153756518681373,0.04843275984727158,0.0666812704050484,0.0049568162304380456,2
0.015479393439246092,0.0010112562942065362,0.0027832428846866625,0.01857287260748894,0.0015222391844507055,0.027149281513627388,0.003546020166823205,0.05598100153395458,0.02723206539223781,0.002115911166553623,0.05792629868589699,0.01900256208847398,0.026086475423446165,0.0716693715536246,0.004927099781334062,0.3314466354532317,0.061124769544832216,0.1520590628214038,0.18082643863600814,0.01205689293987461,0.284979356346382,0.08101749186261101,0.08870687479729797,0.27524027716284005,0.02144484306097425,0.20666669337367044,0.02325888156779049,0.07186134701200277,0.14992270263170598,0.011338714451936537,0.31148336446772745,0.14273995036252368,0.08463966345015783,0.07875943889999162,0.004217614981946762,0.034958722120724706,0.01175909987858706,0.040712517319326735,0.09342463889762889,0.008342608764129998,2
0.0071559287618249146,0.002347623808263713,0.0013428009763161459,0.0029744791871350444,0.00027399086837427374,0.01722157132617852,0.00730042030082198,0.006635275613012533,0.006028016869535144,0.00039283172323106505,0.027942670535470726,0.028392726479291752,0.013996466215997497,0.003962327593622479,0.0005001126062118943,0.004057167627590119,0.0004898879754992036,0.007882249535045946,0.0024177673925237717,0.0010060147948212407,0.06294272636306453,0.0035226213955984464,0.020627227555322786,0.034984229497304745,0.0041787795471753195,0.0015348984596820214,0.008419896212083208,0.0028475489212404816,0.007891259540890726,0.0015647176490750216,0.013389408262166724,0.016176648976463287,0.012175343189702377,0.033814086017345785,0.0025314317890816306,0.022060157671900615,0.00017317964468133162,0.014812411451320263,0.025227959494152644,0.003310579384906734,2
0.00188281972176374,0.0011445265561354778,8.45285333941903e-06,0.0026627170184928047,0.0005044515273487231,0.008377845858439703,0.021399602908949003,0.003010163978887294,0.011158137357403163,0.001783191065617344,0.008409742403898468,0.028008209671953013,0.0050155683487841975,0.01526114245432908,0.003012516521170293,0.00967501294466988,0.03405922809566296,0.010940689107167154,0.015472539167856044,0.0024146901799877085,0.011277402465169506,0.04323778479719188,0.009719605846536854,0.02279508113440456,0.003363564488113014,0.008289123226045692,0.024840390537795146,0.0021112665473911538,0.017960133371131004,0.004547910119923929,0.01925659553034742,0.03496844655493028,0.003580272609492202,0.017970198831188063,0.004423200149544434,0.024236190469046903,0.037248039471873357,0.0031658711097001524,0.014269432052505247,0.0035905619171195955,2
0.01033869272472987,0.009825988677185607,0.0021448297000862537,0.00045618271943086673,2.9973145150082416e-05,0.04340853261615829,0.028932844599463256,0.013910084587558394,0.007366258192718942,0.00016652273192916474,0.04844039499509001,0.048833534481420734,0.01471235623858795,0.01983824209767348,0.0007603503384694564,0.15050070775735325,0.05206462946745759,0.06923276434364202,0.04421512887655242,0.0017860206732916025,0.05655193107686163,0.014811212092058157,0.020737067651447325,0.05199566197200971,0.007002984442484001,0.05010475133758363,0.03665150744309387,0.011357487374874832,0.007111061078511449,9.12015356938202e-05,0.135993432694276,0.04892926825685126,0.059126916484242245,0.035652821934034414,0.0006370718294966293,0.15967362282169306,0.047359039287414556,0.0746695662342214,0.04526230520164571,0.0021353541591437554,2
0.020436778889634688,0.005833770314812636,0.003833421299326685,0.010161730574330303,0.0010914699701110844,0.0019746848498053415,0.011398881815676137,0.0035089487691553622,0.013515797080198039,0.0008333929090595868,0.028356250404609318,0.01435576429781843,0.007860529547277145,0.03146535518184369,0.002297806731021896,0.14252979171792135,0.04525582474394185,0.09516380974234599,0.03505315161395117,0.0014654347859698962,0.10064566430567479,0.02669604780562637,0.021018530529484852,0.12648286229380765,0.022037761233462547,0.14217490337722166,0.017721378366857304,0.010093735705115764,0.15231593228789028,0.017129747424806108,0.042327891810967855,0.02041356335799599,0.06825578698175296,0.03614082726184106,0.004389629896836008,0.018483322634561095,0.029748141011532003,0.02525619554951855,0.040755860045614656,0.0029667413224756566,2
0.04157456827889994,0.07081940802750346,0.010876753269188404,0.01558216742532278,0.0015249453339305752,0.12032021011178307,0.0779849910239783,0.04057532037790054,0.053979716036496234,0.005439887389432549,0.16829528354810663,0.06790410667260983,0.07673916543454577,0.07154827873784211,0.008568234041404865,0.20777798728360064,0.068163892314213,0.10521061871427283,0.07874212152210802,0.008799569933866805,0.279992305380958,0.05157540227083232,0.11633596687698904,0.1458949448314905,0.01542711270222027,0.16422126525245506,0.04641474739949025,0.041187235040411226,0.11270499529917508,0.017749787734259014,0.22090513134797474,0.05430171591237529,0.07572114085545667,0.12125759411323828,0.02755403056557151,0.1994571558137057,0.05536491157735654,0.08157298539452607,0.08716462912378806,0.01482663556458313,2
0.0062550204439728585,0.007222290804941328,0.0006817907746153422,0.0017611438042528568,2.1394651966467513e-05,0.034528253378725116,0.048236763813859926,0.011876468163714512,0.00990373680060266,0.0006697171477027125,0.08566753025964202,0.08008028063941651,0.030026683154182977,0.02311261223773,0.0017802884318242572,0.12110604631030764,0.07597961826864918,0.058084166232209015,0.03787801681945657,0.002448863415589312,0.369210104763259,0.06443402012227566,0.166449587997268,0.17741631500971067,0.022873693140665938,0.04556569640327446,0.05099346860924407,0.016458260123840992,0.021939603606310577,0.0012686336380912065,0.08945269385262788,0.06917600022875026,0.027166470295137593,0.039063876818716904,0.0028220202032484204,0.12338407681050223,0.08463238120842995,0.04858676428315093,0.042859753862692924,0.002872441898734749,2
0.04223725129115097,0.01930852447458717,0.011421876556311144,0.012106441357888048,0.0007967626696198382,0.11901878569602165,0.08139688614677235,0.03132620068505552,0.01729799479195185,0.0009359147082724309,0.14493648975720386,0.06475975231262082,0.06712729303162604,0.023048554903440988,0.0015193861202456764,0.12068183504540664,0.0483540050025644,0.04653724639515948,0.03147714712770864,0.0012263390685978669,0.13054001946491928,0.059518976931420164,0.03872673660124468,0.039624081935636116,0.0014939953296721166,0.14381856072835775,0.0809070781773531,0.04956095990665868,0.02537817918542707,0.0018604482322176585,0.20129361769793475,0.1013472580941984,0.05721288269113764,0.05276487609506587,0.0050359923847387465,0.1268930295113322,0.0731996432127282,0.02136635166541548,0.03908765982593574,0.0019505490156975116,2
0.0397439205079726,0.020330307284637333,0.012277519767590325,0.012601529882083629,0.0007949924864333088,0.01169876293368688,0.0050476314467540195,0.01955751408927288,0.001906626747357018,0.00011929549005946149,0.01643417024567373,0.031179069136875043,0.00683389178025344,0.001276724369913343,0.0002327289818328097,0.03391181884721106,0.004264114975956024,0.021166703129858466,0.013802712777871026,0.0005827555426769289,0.024699473101548353,0.02547892767366683,0.03131544743067868,0.016936499290366627,0.0004744572120080185,0.0028476543173201474,0.005740376386756563,0.018392718502500835,0.007599273622289529,0.0006071956818846313,0.01586363270856528,0.01927236901455251,0.02118972236481287,0.008020416442906658,0.0002619321903648943,0.021877250684858573,0.005900322608212855,0.015064418283721917,0.007043694495503766,0.0007860491442853662,2
0.0070090295760651955,0.007299546140343477,0.0004020562650568771,0.00042495865943806017,0.0001010842842591095,0.01528612951600794,0.009818047496292587,0.0058579616744007384,0.000912532366963939,0.00022345407764862916,0.034562633574402146,0.02055435889611637,0.01167192990760274,0.004648309273034577,0.00021386207219480004,0.0396460519556423,0.01795542834290989,0.01718777168295925,0.00975152055446861,0.0003202895835437273,0.03108412805411842,0.038697352972746735,0.0017628818791432105,0.011125863143566575,0.0015287430444652825,0.010325294013114772,0.014702431912895692,0.0033873818253831456,0.0019352796836010627,0.00039381009598914336,0.043716458783077394,0.017278418929314726,0.002169607000366905,0.052219803220551864,0.006731731953962188,0.009334016943062795,0.0024965913803743356,0.015178348632029728,0.00020934357955160188,0.0005012455651097116,2
8.609476895993229e-05,0.007761162631327423,0.0021418647142521646,0.00035014687182336954,7.189091416712049e-05,0.03805424611415015,0.008777995863752414,0.01123621448412332,0.01635968509546748,2.6908230709823608e-05,0.03321816000301964,0.0034477338109647204,0.02591072647655901,0.003013279713500794,0.0009261689398608842,0.013596610026420153,0.0034760069629406476,0.010429197380610572,0.00963916513179032,0.0003074710179015814,0.08164339445693874,0.022175442317054483,0.04888459419163188,0.026403454888761446,0.001264425999957196,0.041887391172727106,0.01768692524767221,0.022633778392217307,0.005914322191117288,0.0006372318830095659,0.05454806048956362,0.014367502420288863,0.020881812010504208,0.022309626775121882,0.0020182218425270296,0.002213399973287511,0.0050167579786802585,0.00222498345357508,0.0008898780160314229,0.001024784939152252,2
0.008892440481600872,0.0008658389896524232,0.0027972885836924782,0.010301787968739096,0.0020878810464807843,0.03538362298634934,0.021947910051189595,0.0006814669149878688,0.046533270476275146,0.01351346148221856,0.028055618333159893,0.019817543912621777,0.013486669665068035,0.027913170852945396,0.01024002246306294,0.08406374254849158,0.0006230623823667569,0.0464836456111546,0.0341647594184029,0.006745656424216194,0.009346357586700327,0.0008433878911063286,0.001577167853260772,0.013258346793523584,0.0011975837515190973,0.03450625562820975,0.0776571912557485,0.029446887228017055,0.00924966482121689,0.015772061098418267,0.10974107735679067,0.04263746312647351,0.03223735965840813,0.08391266752530274,0.03917190171368893,0.08653437528379404,0.039641211415067185,0.03266483370683193,0.07867237267284716,0.02723516400846742,2
0.013406915862991031,0.0002806507594091956,0.0038557744039413866,0.008907971590504292,0.0013331168010146935,0.13175074022011252,0.023658400274435665,0.043062310128826595,0.06412491777676112,0.005071584598624338,0.21539507913341022,0.01491890216059416,0.04647733706663165,0.15820659179388508,0.005797798442302583,0.11905989493475938,0.011397373201982502,0.047952506294570485,0.06190478289182268,0.005806877348550006,0.21521756036225803,0.02298423811773656,0.09630208908026348,0.13432466696132833,0.013601636653910348,0.14089354135128412,0.048417878215313764,0.03476811547836853,0.06590569830821014,0.0048777461556002,0.18125809773604,0.018035808631667816,0.03512246939738253,0.1267112238581627,0.014415014922774819,0.15021461345110187,0.022774531442122797,0.0605665407261583,0.06804431942580824,0.0069173886004957955,3
0.028483152434998993,0.007073420516054543,0.007305969766125721,0.0273533812819899,0.0024953724101539356,0.07137369644750191,0.017308635066956513,0.02396355770136882,0.059513409705996376,0.004965684280904671,0.03934508788486063,0.01759833165587095,0.015250371791528716,0.06363107548982018,0.005489201614542317,0.042113928066404405,0.01305129837936668,0.04811924824241465,0.09324152275853345,0.008475023720927694,0.2402899114703108,0.06020424610128529,0.02043185414132373,0.27256443921309903,0.025400815491547345,0.07609588879811402,0.022523889315443857,0.02107006767775388,0.0672001161601668,0.008208146769585672,0.053840283447660287,0.039090970039753925,0.019041475962433246,0.0874826306129372,0.008402542171813354,0.09813948262176436,0.02066958984495189,0.03045097810360614,0.08184591930382744,0.0063902957693154246,3
0.023550237416769426,0.011824898522326766,0.003934901658406773,0.0013048290081868145,1.766271377487519e-05,0.04977371546611353,0.04080368139099491,0.010450583110542689,0.014615478357595121,0.0019005507245695489,0.061140563118644575,0.047333792425592394,0.01627607363680099,0.02130036425890626,0.0027285077346633807,0.09959642876232155,0.0429803557993676,0.029997172119348756,0.008856364669473087,0.000118497158228282,0.09125252854018595,0.05196506284877642,0.024860311324599135,0.009804473815277909,0.002947234340705239,0.06364997570682951,0.048511965556700606,0.015825362491540054,0.013036753370075871,0.0016826930875648836,0.1076140484722723,0.0708914443469241,0.03753867152498771,0.022430947058761933,0.0019120596924639029,0.12267719812288447,0.055245617412774145,0.0421350293503198,0.007432976759903745,7.4363966418565e-06,3
0.0030569354013330052,0.008691796312715355,0.002230488491922939,0.004823946649092876,0.000803711667752782,0.03374778612157814,0.018571029356711927,0.01585751450525863,0.004453028305915423,0.00041207649638372963,0.04185298238261692,0.02058669433316175,0.023775286098258103,0.004366298288147663,0.0008076379355392445,0.0959542193451356,0.007180202903719415,0.07985585571253823,0.056751437624109294,0.0037559786462405386,0.057142549919675045,0.03625651830613881,0.022681745606467893,0.011132370607297819,0.0023016986302399,0.057056081801213465,0.014972494685426302,0.06507503061855449,0.06695209096673749,0.005164461332218842,0.07620203947031012,0.04255837460019607,0.03112524243962055,0.02618897974274389,0.0016450995323656114,0.15302044837123563,0.014230569338382973,0.11339039692697768,0.067556353570994,0.003379328396640386,3
0.0048721218987259896,0.006543825029007536,0.00046719122417671066,0.0013880822362029878,0.00020914059205770502,0.011071264393615943,0.005536451349490948,0.004109576064841389,0.006337475029381898,0.0005004216261009315,0.029866485147121535,0.020088991350262014,0.015680880550477484,0.0067231230576381695,2.123921629196843e-05,0.003272474394122371,0.004564444060897482,0.0007120703723054039,0.0052705711544802775,0.0008904862833818499,0.10605366161435559,0.011198233377880215,0.0404269133209168,0.05239311400094304,0.006053821000191881,0.021785445282892835,0.0004412847303479489,0.0036858433191979886,0.014522619971363653,0.0016409953678617106,0.04631737559623583,0.000961433864224065,0.00014028786514572872,0.03178618294458003,0.0033528226498024624,0.01996463979628582,0.0019307534520094372,0.007721531649604402,0.02560437922505409,0.003162467777091021,3
0.011285345016391557,0.05139621117850132,0.0077582401451752915,0.004134485098378597,1.6956543207689813e-05,0.06955439404321573,0.133528283928059,0.028794910001317467,0.009784964046113516,0.0001456520579126929,0.09918136524455556,0.15438938859066156,0.051785636667308926,0.009745051117210003,0.00016791984690011112,0.1284893171924517,0.16708900960488188,0.05922808140539245,0.016239801329807305,0.0007423626614174888,0.08290187173988739,0.11682144735633093,0.038677368669762804,0.0049202088939781785,0.0002279276620215688,0.1135897609642661,0.13081547488708078,0.055384553000187665,0.02604889991154806,0.0012513558671147298,0.12840005838317536,0.1620413819285492,0.07553061291286554,0.008138616923147615,0.00029692336259352047,0.13402796674338968,0.16668430484401192,0.0740590663974925,0.014344324915105865,9.537598433669199e-05,3
0.006097730559314063,0.002322177854025595,0.0015922887249520505,0.0006638891651960842,0.00013834203029959694,0.0022501621836388264,0.012951942838942437,0.01618610634025123,0.0034801508400096118,0.0009575328536428564,0.059718234777401125,0.02611870231429242,0.06291441332775816,0.009608120302664287,0.0020641140648834703,0.11938583443338197,0.0350283835881597,0.09842663921047187,0.04221771899124196,6.885461648239652e-05,0.09930248397122221,0.017005988523110527,0.02754196861795824,0.014672835251296576,0.001029058692614374,0.020563211655125868,0.01512986027588982,0.0003371354978015523,0.00431718620748122,0.0025561549693203555,0.05601817146107091,0.026165258836302593,0.05669732873424324,0.025017482505664802,0.0015438228884088485,0.06889341815742317,0.024293317138785478,0.08701819927653262,0.016846252121636943,0.004124645875571854,3
0.04271924448840059,0.0015845688650269751,0.0055808571811600954,0.03058578090065383,0.006255288185926374,0.010203095754398261,0.010107532076652437,0.002566588732798636,0.016296461804880577,0.004595805662282336,0.022094111363804014,0.017822960221074324,0.00816188958370681,0.002293310891603978,0.0009700392183100322,0.03582990652882301,0.02783634185177125,0.009440390316584751,0.0006214611944992954,0.00025918130592770573,0.05928822002692413,0.0634802438441616,0.02186030459891225,0.027837106830682412,0.0013343256256741773,0.006810562721396574,0.009819467214516348,0.0011307896008628804,0.0020062812384192413,0.002308346869937295,0.01103583726535562,0.01805262903460922,0.015468037538171803,0.005897822336020153,0.0006635503672674237,0.06586704888777684,0.03847220922449063,0.012020347071835552,0.01591413467773059,0.000772772417748346,3
0.01770857878777321,0.008946014942567998,0.0013506801203954505,0.005751526249357354,0.001561829206050616,0.010593891705483527,0.006885899926496297,0.0006956766222615818,0.01782675892867422,0.0021856312383513998,0.0413949160253011,0.0069555462513699595,0.0005260877258590202,0.046837504103627164,0.00685375898340381,0.017085828720830754,0.010189700016642905,0.04459250471369311,0.021926442044092956,0.0033889880281746864,0.09483134206847987,0.03694769621146109,0.03394155488739503,0.1287725942204483,0.01931920185920919,0.1794108856399667,0.021815900793994675,0.010261160962035235,0.17579780695144606,0.030679290539122148,0.017287684589675,0.03576721832336385,0.07030960619591646,0.03507038088880449,0.00873473557735365,0.018165784355026915,0.013567130103167208,0.05250228700863546,0.05648609337573762,0.006985759272943887,3
0.011899007479209245,0.005956851492176979,0.002323079968714458,0.00547706464483802,0.00040181953808031586,0.06143365004340673,0.021897216751521065,0.008491862607241538,0.07911013543418341,0.015557917232816607,0.015732243628691744,0.011239165053976402,0.004047721415547878,0.000561694592367934,0.00015602224432282805,0.0009184461632507634,0.001163039212402961,0.002875584317371588,0.005658208684508573,0.00026083271507714497,0.08192584752944293,0.05280832980680461,0.029983656158119848,0.00037402793454974215,0.001258587688567933,0.08972638134567967,0.013315824273441607,0.005886356427058849,0.10440159721159673,0.00604049072223117,0.07422346267636959,0.0047001549886379335,0.0325229002569241,0.032954988216764736,0.00361918273373746,0.054670212737115975,0.006972516957153646,0.06332934518036046,0.0037550374380173612,0.00019828899581518164,3
0.028352173039442152,0.03257851598542762,0.0013690672164697257,0.006310222349236316,0.0009831110209206275,0.13422882325137653,0.0694734396605694,0.02934105732849381,0.05363794619985977,0.0062525064558807165,0.208358741732671,0.07166728676341161,0.06689357565837677,0.09017504926893584,0.01076887327069216,0.24524605582065206,0.07169006590352045,0.0955358383833594,0.1019756219952864,0.010944891475247794,0.3683204566987184,0.06141190362030182,0.1174002684122186,0.19615403733344933,0.020566171126461814,0.17262330950322313,0.0388344409472844,0.024120024573811537,0.1273653895671763,0.01885195383454125,0.2667594349282475,0.05602736729564922,0.05068861213958839,0.16796238696152052,0.025978442616295554,0.24360336149801853,0.05625693872468209,0.07498467123964603,0.13085355444498886,0.01724902278222906,3
0.007325939237659451,0.005750937525684285,0.00014005119619296853,0.002773584287001007,0.00016453023224601194,0.010810780453996305,0.0025462635559936886,0.01017435831379028,0.006531444004043065,0.0006001086396602076,0.05723460970533234,0.011991616044882525,0.034494907365680436,0.02286314527469288,0.0014550742484336595,0.10118068067949815,0.006888874815531465,0.07571183808028414,0.031129750091788873,0.001741923086873858,0.2373136379030213,0.004334699838060729,0.10391915299416804,0.1357000207386952,0.014609305565016967,0.02684413543623687,0.0006475412066410113,0.017100715455739792,0.01879212306082806,0.0014831502611631418,0.06762848885465911,0.002284256721614253,0.035240342597617234,0.035414178045598044,0.0030012544668314178,0.10228458760660986,0.010312691084124637,0.06299425628413946,0.04166196924190843,0.0025187037747476625,3
0.051363265114145906,0.014856604930398809,0.014587534219995174,0.026252654634625592,0.0020702773003194634,0.0010020188577097855,0.013622585385687197,0.0007202870622338153,0.007393306538674635,0.00042959922923971544,0.058778640088252954,0.005294154342697449,0.06714076189200635,0.0029228558977622138,0.00022437639435648636,0.11957891069848336,0.003622739863050728,0.12367979796955939,0.009052479433384303,0.00018928392858247236,0.001984219342317739,0.014704883150582798,0.019283246163594087,0.029590528215151415,0.003469200015002506,0.040507506758148404,0.024357520074658218,0.06886236628846065,0.00750051548956962,0.0006533799067491345,0.01926881754298526,0.003625334732007379,0.016564073436760307,0.0024446609499832322,0.0008113928308885795,0.10085537535614386,0.015458601236116198,0.11934343588539642,0.004231279616411496,0.00036754860617670745,3
0.026533202982084392,0.009200916452562907,0.0017769752512152431,0.031217262861816468,0.006730878872709966,0.0471279697149708,0.007045191354328378,0.007231161778520061,0.05197125345036747,0.0122568396253325,0.0193806821266157,0.011658796215642725,0.0027543714431861877,0.011099235787070866,0.003332477520604187,0.056149444171735285,0.030299115215303124,0.02658592998828445,0.007385771678735428,0.0014364572093120299,0.13667137793535855,0.07232884845531001,0.04818599661006295,0.017588142914662874,0.001352253029412066,0.1086962266545356,0.007607722167239428,0.0058926044343315664,0.10275451033520144,0.012929854059704347,0.04695230569516651,0.020204559701589603,0.05971971038416808,0.004716411831950498,5.312214359473339e-05,0.014899581725896782,0.028888534155299628,0.016417874212166533,0.0071479352829873916,0.0009575621069484027,3
0.03624695978015591,0.005765262326506121,0.018512792599332965,0.010310534665757359,0.0009008009624387782,0.02737727454552652,0.0016441370083188356,0.030245717026365054,6.135984850814957e-05,0.00013155644214732408,0.023815587967521923,0.019283909741235672,0.05038745242396392,0.006725382885643505,0.00010339510527210272,0.022335105862231086,0.008588958271620983,0.04095522362893417,0.009501083416603898,3.788468280807025e-05,0.07661865164721277,0.002069997395890033,0.06061460571762434,0.0222275580515795,0.0002549932090849241,0.06773863134504055,0.014151820236430412,0.05229991649134774,0.003484275911555604,7.431094023748527e-05,0.03568783084698368,0.008329466016227999,0.03884656258109265,0.01030552610106815,0.001781339522098962,0.06650341798714404,0.01586151749527731,0.07916347623718833,0.006189940373759237,6.353595263726246e-05,3
0.012144265706700907,0.02352439700102507,0.003715041307576588,0.02411933502363675,0.0044875607061321335,0.030311622666253868,0.010265115975646971,0.0026343688185135744,0.03657918629928922,0.007674087449829481,0.03718391371994312,0.010321520064878131,0.01905766141491036,0.029462156836820408,0.004362688078576061,0.04992845267694168,0.014581919979476138,0.023784530070535576,0.015162362236138205,0.0027072841322169586,0.08619301132328583,0.044151752976873626,0.04019068733882902,0.0041790987168598415,0.0012590320868321597,0.08565993787324455,8.196971163776379e-06,0.00618970435247794,0.08789455721608555,0.009929803223132562,0.020143115484571872,0.009895108758000398,0.029234592347846505,9.66688231399393e-05,0.004174155599405108,0.06590119105653375,0.006073743728595343,0.03712022247958233,0.02648526951541988,0.002964822156663157,3
0.004459166884089649,0.0047548353446458524,0.004236475638103948,0.004214600426623114,0.00020653877868682762,0.02603784801547726,0.004401852583776011,0.0016260803609401547,0.006108597131529898,1.4610931293895487e-05,0.035426173533436245,0.013858412501533107,0.0001843689056201525,0.006102021481984757,8.182820762570042e-05,0.08735804475989117,0.033487407846342326,0.037101462069132035,0.021977626961885134,0.000691643316764968,0.02308332344565306,0.006302971080502762,0.009486007492751608,0.00866523054743358,0.00020672481130314373,0.061303766251512126,0.019126762816785464,0.004986532235196767,0.029930458720103977,0.002005727827311078,0.07851587331137222,0.027621614427800978,0.028525030457045908,0.014410229454611796,9.620727703242137e-05,0.09733756273764704,0.023931796013070994,0.05084841512964981,0.018216335278084667,0.0007173975097361355,3
0.012869793998839363,0.013086194277741436,0.00016066759754798307,0.00038024119426177585,9.852272647725894e-05,0.010518187621956998,0.010797785268734733,0.0018502615169528683,0.002010807006464669,0.0002483279241551203,0.028153529882523842,0.014974431441060004,0.013082111744606356,0.001236467357140572,0.0005239407056607387,0.030753084373677075,0.012980670819334739,0.018661352537678574,0.0024595783427980022,0.00018222219898100106,0.027630434561762063,0.023596966474020847,0.003729531229396635,0.00013690073304276074,0.0006600876086073765,0.016719164424350397,0.0028551083708344693,0.008060974722836206,0.009461476892417331,0.0009130918715832379,0.061694309486951204,0.006590396806834431,0.0345503562410997,0.027400778666754305,0.011693291431218803,0.009943876959796816,0.008517067136099038,0.020504523198565036,0.015017105066650119,0.0018040950753222549,3
