0.08418367346938775,0.016380313008230306,"{'C': 0.1, 'gamma': 1, 'kernel': 'rbf'}"
0.08418367346938775,0.016380313008230306,"{'C': 0.1, 'gamma': 0.1, 'kernel': 'rbf'}"
0.08418367346938775,0.016380313008230306,"{'C': 0.1, 'gamma': 0.01, 'kernel': 'rbf'}"
0.08418367346938775,0.016380313008230306,"{'C': 0.1, 'gamma': 0.001, 'kernel': 'rbf'}"
0.08418367346938775,0.016380313008230306,"{'C': 0.1, 'gamma': 0.0001, 'kernel': 'rbf'}"
0.08418367346938775,0.016380313008230306,"{'C': 0.1, 'gamma': 1e-05, 'kernel': 'rbf'}"
0.08418367346938775,0.016380313008230306,"{'C': 0.1, 'gamma': 1e-06, 'kernel': 'rbf'}"
0.19202502429543244,0.2419898753883692,"{'C': 1, 'gamma': 1, 'kernel': 'rbf'}"
0.0840702947845805,0.02502468057774011,"{'C': 1, 'gamma': 0.1, 'kernel': 'rbf'}"
0.08418367346938775,0.016380313008230306,"{'C': 1, 'gamma': 0.01, 'kernel': 'rbf'}"
0.08418367346938775,0.016380313008230306,"{'C': 1, 'gamma': 0.001, 'kernel': 'rbf'}"
0.08418367346938775,0.016380313008230306,"{'C': 1, 'gamma': 0.0001, 'kernel': 'rbf'}"
0.08418367346938775,0.016380313008230306,"{'C': 1, 'gamma': 1e-05, 'kernel': 'rbf'}"
0.08418367346938775,0.016380313008230306,"{'C': 1, 'gamma': 1e-06, 'kernel': 'rbf'}"
0.27397959183673465,0.35010741230097714,"{'C': 10, 'gamma': 1, 'kernel': 'rbf'}"
0.40093537414965985,0.2508108466547386,"{'C': 10, 'gamma': 0.1, 'kernel': 'rbf'}"
0.14504879332685455,0.20670982016928083,"{'C': 10, 'gamma': 0.01, 'kernel': 'rbf'}"
0.08418367346938775,0.016380313008230306,"{'C': 10, 'gamma': 0.001, 'kernel': 'rbf'}"
0.08418367346938775,0.016380313008230306,"{'C': 10, 'gamma': 0.0001, 'kernel': 'rbf'}"
0.08418367346938775,0.016380313008230306,"{'C': 10, 'gamma': 1e-05, 'kernel': 'rbf'}"
0.08418367346938775,0.016380313008230306,"{'C': 10, 'gamma': 1e-06, 'kernel': 'rbf'}"
0.33784013605442176,0.26594202528488115,"{'C': 100, 'gamma': 1, 'kernel': 'rbf'}"
0.35633503401360545,0.34475999241411864,"{'C': 100, 'gamma': 0.1, 'kernel': 'rbf'}"
0.39090136054421765,0.3793648972340043,"{'C': 100, 'gamma': 0.01, 'kernel': 'rbf'}"
0.14504879332685455,0.20670982016928083,"{'C': 100, 'gamma': 0.001, 'kernel': 'rbf'}"
0.08418367346938775,0.016380313008230306,"{'C': 100, 'gamma': 0.0001, 'kernel': 'rbf'}"
0.08418367346938775,0.016380313008230306,"{'C': 100, 'gamma': 1e-05, 'kernel': 'rbf'}"
0.08418367346938775,0.016380313008230306,"{'C': 100, 'gamma': 1e-06, 'kernel': 'rbf'}"
0.33784013605442176,0.26594202528488115,"{'C': 1000, 'gamma': 1, 'kernel': 'rbf'}"
0.36180758017492703,0.41017018980224484,"{'C': 1000, 'gamma': 0.1, 'kernel': 'rbf'}"
0.30110544217687074,0.19533443841109188,"{'C': 1000, 'gamma': 0.01, 'kernel': 'rbf'}"
0.38044217687074827,0.3538747459657048,"{'C': 1000, 'gamma': 0.001, 'kernel': 'rbf'}"
0.14504879332685455,0.20670982016928083,"{'C': 1000, 'gamma': 0.0001, 'kernel': 'rbf'}"
0.08418367346938775,0.016380313008230306,"{'C': 1000, 'gamma': 1e-05, 'kernel': 'rbf'}"
0.08418367346938775,0.016380313008230306,"{'C': 1000, 'gamma': 1e-06, 'kernel': 'rbf'}"
0.08418367346938775,0.016380313008230306,"{'C': 0.1, 'kernel': 'linear'}"
0.2953656462585034,0.349464346856337,"{'C': 1, 'kernel': 'linear'}"
0.3317237609329446,0.2281530382525945,"{'C': 10, 'kernel': 'linear'}"
0.3081632653061224,0.28932960270484254,"{'C': 100, 'kernel': 'linear'}"
0.3006802721088435,0.20279612134669614,"{'C': 1000, 'kernel': 'linear'}"
0.08418367346938775,0.016380313008230306,"{'C': 0.1, 'gamma': 1, 'kernel': 'rbf'}"
0.08418367346938775,0.016380313008230306,"{'C': 0.1, 'gamma': 0.1, 'kernel': 'rbf'}"
0.08418367346938775,0.016380313008230306,"{'C': 0.1, 'gamma': 0.01, 'kernel': 'rbf'}"
0.08418367346938775,0.016380313008230306,"{'C': 0.1, 'gamma': 0.001, 'kernel': 'rbf'}"
0.08418367346938775,0.016380313008230306,"{'C': 0.1, 'gamma': 0.0001, 'kernel': 'rbf'}"
0.08418367346938775,0.016380313008230306,"{'C': 0.1, 'gamma': 1e-05, 'kernel': 'rbf'}"
0.08418367346938775,0.016380313008230306,"{'C': 0.1, 'gamma': 1e-06, 'kernel': 'rbf'}"
0.24007531584062194,0.2745651531861909,"{'C': 1, 'gamma': 1, 'kernel': 'rbf'}"
0.08418367346938775,0.016380313008230306,"{'C': 1, 'gamma': 0.1, 'kernel': 'rbf'}"
0.08418367346938775,0.016380313008230306,"{'C': 1, 'gamma': 0.01, 'kernel': 'rbf'}"
0.08418367346938775,0.016380313008230306,"{'C': 1, 'gamma': 0.001, 'kernel': 'rbf'}"
0.08418367346938775,0.016380313008230306,"{'C': 1, 'gamma': 0.0001, 'kernel': 'rbf'}"
0.08418367346938775,0.016380313008230306,"{'C': 1, 'gamma': 1e-05, 'kernel': 'rbf'}"
0.08418367346938775,0.016380313008230306,"{'C': 1, 'gamma': 1e-06, 'kernel': 'rbf'}"
0.34421768707482986,0.2773365809929026,"{'C': 10, 'gamma': 1, 'kernel': 'rbf'}"
0.30825437317784254,0.4111309219634744,"{'C': 10, 'gamma': 0.1, 'kernel': 'rbf'}"
0.08418367346938775,0.016380313008230306,"{'C': 10, 'gamma': 0.01, 'kernel': 'rbf'}"
0.08418367346938775,0.016380313008230306,"{'C': 10, 'gamma': 0.001, 'kernel': 'rbf'}"
0.08418367346938775,0.016380313008230306,"{'C': 10, 'gamma': 0.0001, 'kernel': 'rbf'}"
0.08418367346938775,0.016380313008230306,"{'C': 10, 'gamma': 1e-05, 'kernel': 'rbf'}"
0.08418367346938775,0.016380313008230306,"{'C': 10, 'gamma': 1e-06, 'kernel': 'rbf'}"
0.42270408163265294,0.22575183799842016,"{'C': 100, 'gamma': 1, 'kernel': 'rbf'}"
0.32049927113702625,0.28840644641023017,"{'C': 100, 'gamma': 0.1, 'kernel': 'rbf'}"
0.30646865889212827,0.4390304603185902,"{'C': 100, 'gamma': 0.01, 'kernel': 'rbf'}"
0.08418367346938775,0.016380313008230306,"{'C': 100, 'gamma': 0.001, 'kernel': 'rbf'}"
0.08418367346938775,0.016380313008230306,"{'C': 100, 'gamma': 0.0001, 'kernel': 'rbf'}"
0.08418367346938775,0.016380313008230306,"{'C': 100, 'gamma': 1e-05, 'kernel': 'rbf'}"
0.08418367346938775,0.016380313008230306,"{'C': 100, 'gamma': 1e-06, 'kernel': 'rbf'}"
0.42270408163265294,0.22575183799842016,"{'C': 1000, 'gamma': 1, 'kernel': 'rbf'}"
0.31160714285714286,0.20909469721546772,"{'C': 1000, 'gamma': 0.1, 'kernel': 'rbf'}"
0.2903972303206997,0.27552351723918334,"{'C': 1000, 'gamma': 0.01, 'kernel': 'rbf'}"
0.3124210398445092,0.37519356681311955,"{'C': 1000, 'gamma': 0.001, 'kernel': 'rbf'}"
0.08418367346938775,0.016380313008230306,"{'C': 1000, 'gamma': 0.0001, 'kernel': 'rbf'}"
0.08418367346938775,0.016380313008230306,"{'C': 1000, 'gamma': 1e-05, 'kernel': 'rbf'}"
0.08418367346938775,0.016380313008230306,"{'C': 1000, 'gamma': 1e-06, 'kernel': 'rbf'}"
0.08418367346938775,0.016380313008230306,"{'C': 0.1, 'kernel': 'linear'}"
0.2401846452866861,0.3017069073227019,"{'C': 1, 'kernel': 'linear'}"
0.32215136054421767,0.2803024083128334,"{'C': 10, 'kernel': 'linear'}"
0.3031462585034014,0.2528832076302704,"{'C': 100, 'kernel': 'linear'}"
0.21836734693877552,0.2895252700432447,"{'C': 1000, 'kernel': 'linear'}"
0.08418367346938775,0.016380313008230306,"{'C': 0.1, 'gamma': 1, 'kernel': 'rbf'}"
0.08418367346938775,0.016380313008230306,"{'C': 0.1, 'gamma': 0.1, 'kernel': 'rbf'}"
0.08418367346938775,0.016380313008230306,"{'C': 0.1, 'gamma': 0.01, 'kernel': 'rbf'}"
0.08418367346938775,0.016380313008230306,"{'C': 0.1, 'gamma': 0.001, 'kernel': 'rbf'}"
0.08418367346938775,0.016380313008230306,"{'C': 0.1, 'gamma': 0.0001, 'kernel': 'rbf'}"
0.08418367346938775,0.016380313008230306,"{'C': 0.1, 'gamma': 1e-05, 'kernel': 'rbf'}"
0.08418367346938775,0.016380313008230306,"{'C': 0.1, 'gamma': 1e-06, 'kernel': 'rbf'}"
0.21201409135082605,0.2720607470747695,"{'C': 1, 'gamma': 1, 'kernel': 'rbf'}"
0.08418367346938775,0.016380313008230306,"{'C': 1, 'gamma': 0.1, 'kernel': 'rbf'}"
0.08418367346938775,0.016380313008230306,"{'C': 1, 'gamma': 0.01, 'kernel': 'rbf'}"
0.08418367346938775,0.016380313008230306,"{'C': 1, 'gamma': 0.001, 'kernel': 'rbf'}"
0.08418367346938775,0.016380313008230306,"{'C': 1, 'gamma': 0.0001, 'kernel': 'rbf'}"
0.08418367346938775,0.016380313008230306,"{'C': 1, 'gamma': 1e-05, 'kernel': 'rbf'}"
0.08418367346938775,0.016380313008230306,"{'C': 1, 'gamma': 1e-06, 'kernel': 'rbf'}"
0.34141156462585037,0.2817654103940301,"{'C': 10, 'gamma': 1, 'kernel': 'rbf'}"
0.3102951895043732,0.40089345764482587,"{'C': 10, 'gamma': 0.1, 'kernel': 'rbf'}"
0.08418367346938775,0.016380313008230306,"{'C': 10, 'gamma': 0.01, 'kernel': 'rbf'}"
0.08418367346938775,0.016380313008230306,"{'C': 10, 'gamma': 0.001, 'kernel': 'rbf'}"
0.08418367346938775,0.016380313008230306,"{'C': 10, 'gamma': 0.0001, 'kernel': 'rbf'}"
0.08418367346938775,0.016380313008230306,"{'C': 10, 'gamma': 1e-05, 'kernel': 'rbf'}"
0.08418367346938775,0.016380313008230306,"{'C': 10, 'gamma': 1e-06, 'kernel': 'rbf'}"
0.3426020408163265,0.30668924285670757,"{'C': 100, 'gamma': 1, 'kernel': 'rbf'}"
0.33546525753158407,0.32531088283718984,"{'C': 100, 'gamma': 0.1, 'kernel': 'rbf'}"
0.2847849854227405,0.3895341641383502,"{'C': 100, 'gamma': 0.01, 'kernel': 'rbf'}"
0.08418367346938775,0.016380313008230306,"{'C': 100, 'gamma': 0.001, 'kernel': 'rbf'}"
0.08418367346938775,0.016380313008230306,"{'C': 100, 'gamma': 0.0001, 'kernel': 'rbf'}"
0.08418367346938775,0.016380313008230306,"{'C': 100, 'gamma': 1e-05, 'kernel': 'rbf'}"
0.08418367346938775,0.016380313008230306,"{'C': 100, 'gamma': 1e-06, 'kernel': 'rbf'}"
0.3426020408163265,0.30668924285670757,"{'C': 1000, 'gamma': 1, 'kernel': 'rbf'}"
0.315688775510204,0.18610612288289005,"{'C': 1000, 'gamma': 0.1, 'kernel': 'rbf'}"
0.3196064139941691,0.2846511956239853,"{'C': 1000, 'gamma': 0.01, 'kernel': 'rbf'}"
0.2847849854227405,0.3895341641383502,"{'C': 1000, 'gamma': 0.001, 'kernel': 'rbf'}"
0.08418367346938775,0.016380313008230306,"{'C': 1000, 'gamma': 0.0001, 'kernel': 'rbf'}"
0.08418367346938775,0.016380313008230306,"{'C': 1000, 'gamma': 1e-05, 'kernel': 'rbf'}"
0.08418367346938775,0.016380313008230306,"{'C': 1000, 'gamma': 1e-06, 'kernel': 'rbf'}"
0.08418367346938775,0.016380313008230306,"{'C': 0.1, 'kernel': 'linear'}"
0.24566933916423714,0.2485323276881458,"{'C': 1, 'kernel': 'linear'}"
0.31960034013605443,0.3255450888158888,"{'C': 10, 'kernel': 'linear'}"
0.3056547619047619,0.2415647509707586,"{'C': 100, 'kernel': 'linear'}"
0.22235787172011662,0.271875275305623,"{'C': 1000, 'kernel': 'linear'}"
0.08418367346938775,0.016380313008230306,"{'C': 0.1, 'gamma': 1, 'kernel': 'rbf'}"
0.08418367346938775,0.016380313008230306,"{'C': 0.1, 'gamma': 0.1, 'kernel': 'rbf'}"
0.08418367346938775,0.016380313008230306,"{'C': 0.1, 'gamma': 0.01, 'kernel': 'rbf'}"
0.08418367346938775,0.016380313008230306,"{'C': 0.1, 'gamma': 0.001, 'kernel': 'rbf'}"
0.08418367346938775,0.016380313008230306,"{'C': 0.1, 'gamma': 0.0001, 'kernel': 'rbf'}"
0.08418367346938775,0.016380313008230306,"{'C': 0.1, 'gamma': 1e-05, 'kernel': 'rbf'}"
0.08418367346938775,0.016380313008230306,"{'C': 0.1, 'gamma': 1e-06, 'kernel': 'rbf'}"
0.08418367346938775,0.016380313008230306,"{'C': 1, 'gamma': 1, 'kernel': 'rbf'}"
0.08418367346938775,0.016380313008230306,"{'C': 1, 'gamma': 0.1, 'kernel': 'rbf'}"
0.08418367346938775,0.016380313008230306,"{'C': 1, 'gamma': 0.01, 'kernel': 'rbf'}"
0.08418367346938775,0.016380313008230306,"{'C': 1, 'gamma': 0.001, 'kernel': 'rbf'}"
0.08418367346938775,0.016380313008230306,"{'C': 1, 'gamma': 0.0001, 'kernel': 'rbf'}"
0.08418367346938775,0.016380313008230306,"{'C': 1, 'gamma': 1e-05, 'kernel': 'rbf'}"
0.08418367346938775,0.016380313008230306,"{'C': 1, 'gamma': 1e-06, 'kernel': 'rbf'}"
0.12678166504697116,0.13014500127578052,"{'C': 10, 'gamma': 1, 'kernel': 'rbf'}"
0.08418367346938775,0.016380313008230306,"{'C': 10, 'gamma': 0.1, 'kernel': 'rbf'}"
0.08418367346938775,0.016380313008230306,"{'C': 10, 'gamma': 0.01, 'kernel': 'rbf'}"
0.08418367346938775,0.016380313008230306,"{'C': 10, 'gamma': 0.001, 'kernel': 'rbf'}"
0.08418367346938775,0.016380313008230306,"{'C': 10, 'gamma': 0.0001, 'kernel': 'rbf'}"
0.08418367346938775,0.016380313008230306,"{'C': 10, 'gamma': 1e-05, 'kernel': 'rbf'}"
0.08418367346938775,0.016380313008230306,"{'C': 10, 'gamma': 1e-06, 'kernel': 'rbf'}"
0.22216958211856172,0.29354022616048536,"{'C': 100, 'gamma': 1, 'kernel': 'rbf'}"
0.13454810495626823,0.15444114535443024,"{'C': 100, 'gamma': 0.1, 'kernel': 'rbf'}"
0.08418367346938775,0.016380313008230306,"{'C': 100, 'gamma': 0.01, 'kernel': 'rbf'}"
0.08418367346938775,0.016380313008230306,"{'C': 100, 'gamma': 0.001, 'kernel': 'rbf'}"
0.08418367346938775,0.016380313008230306,"{'C': 100, 'gamma': 0.0001, 'kernel': 'rbf'}"
0.08418367346938775,0.016380313008230306,"{'C': 100, 'gamma': 1e-05, 'kernel': 'rbf'}"
0.08418367346938775,0.016380313008230306,"{'C': 100, 'gamma': 1e-06, 'kernel': 'rbf'}"
0.29600340136054415,0.32575661615628926,"{'C': 1000, 'gamma': 1, 'kernel': 'rbf'}"
0.21322278911564624,0.3093292096835363,"{'C': 1000, 'gamma': 0.1, 'kernel': 'rbf'}"
0.12938532555879495,0.15477539633903134,"{'C': 1000, 'gamma': 0.01, 'kernel': 'rbf'}"
0.08418367346938775,0.016380313008230306,"{'C': 1000, 'gamma': 0.001, 'kernel': 'rbf'}"
0.08418367346938775,0.016380313008230306,"{'C': 1000, 'gamma': 0.0001, 'kernel': 'rbf'}"
0.08418367346938775,0.016380313008230306,"{'C': 1000, 'gamma': 1e-05, 'kernel': 'rbf'}"
0.08418367346938775,0.016380313008230306,"{'C': 1000, 'gamma': 1e-06, 'kernel': 'rbf'}"
0.08418367346938775,0.016380313008230306,"{'C': 0.1, 'kernel': 'linear'}"
0.08418367346938775,0.016380313008230306,"{'C': 1, 'kernel': 'linear'}"
0.1771865889212828,0.20733788108194467,"{'C': 10, 'kernel': 'linear'}"
0.2000607385811467,0.21988648223833257,"{'C': 100, 'kernel': 'linear'}"
0.2101433430515063,0.2532877044095006,"{'C': 1000, 'kernel': 'linear'}"
0.08418367346938775,0.016380313008230306,"{'C': 0.1, 'gamma': 1, 'kernel': 'rbf'}"
0.08418367346938775,0.016380313008230306,"{'C': 0.1, 'gamma': 0.1, 'kernel': 'rbf'}"
0.08418367346938775,0.016380313008230306,"{'C': 0.1, 'gamma': 0.01, 'kernel': 'rbf'}"
0.08418367346938775,0.016380313008230306,"{'C': 0.1, 'gamma': 0.001, 'kernel': 'rbf'}"
0.08418367346938775,0.016380313008230306,"{'C': 0.1, 'gamma': 0.0001, 'kernel': 'rbf'}"
0.08418367346938775,0.016380313008230306,"{'C': 0.1, 'gamma': 1e-05, 'kernel': 'rbf'}"
0.08418367346938775,0.016380313008230306,"{'C': 0.1, 'gamma': 1e-06, 'kernel': 'rbf'}"
0.21178328474246844,0.23944090749251917,"{'C': 1, 'gamma': 1, 'kernel': 'rbf'}"
0.08605442176870748,0.017669003302916077,"{'C': 1, 'gamma': 0.1, 'kernel': 'rbf'}"
0.08418367346938775,0.016380313008230306,"{'C': 1, 'gamma': 0.01, 'kernel': 'rbf'}"
0.08418367346938775,0.016380313008230306,"{'C': 1, 'gamma': 0.001, 'kernel': 'rbf'}"
0.08418367346938775,0.016380313008230306,"{'C': 1, 'gamma': 0.0001, 'kernel': 'rbf'}"
0.08418367346938775,0.016380313008230306,"{'C': 1, 'gamma': 1e-05, 'kernel': 'rbf'}"
0.08418367346938775,0.016380313008230306,"{'C': 1, 'gamma': 1e-06, 'kernel': 'rbf'}"
0.24787414965986396,0.23278678974811837,"{'C': 10, 'gamma': 1, 'kernel': 'rbf'}"
0.39392006802721086,0.3707529118011776,"{'C': 10, 'gamma': 0.1, 'kernel': 'rbf'}"
0.13523951247165533,0.20190954830860713,"{'C': 10, 'gamma': 0.01, 'kernel': 'rbf'}"
0.08418367346938775,0.016380313008230306,"{'C': 10, 'gamma': 0.001, 'kernel': 'rbf'}"
0.08418367346938775,0.016380313008230306,"{'C': 10, 'gamma': 0.0001, 'kernel': 'rbf'}"
0.08418367346938775,0.016380313008230306,"{'C': 10, 'gamma': 1e-05, 'kernel': 'rbf'}"
0.08418367346938775,0.016380313008230306,"{'C': 10, 'gamma': 1e-06, 'kernel': 'rbf'}"
0.3145408163265306,0.2532197564108895,"{'C': 100, 'gamma': 1, 'kernel': 'rbf'}"
0.3343962585034013,0.1942786793503787,"{'C': 100, 'gamma': 0.1, 'kernel': 'rbf'}"
0.36415816326530603,0.33256872296276085,"{'C': 100, 'gamma': 0.01, 'kernel': 'rbf'}"
0.13523951247165533,0.20190954830860713,"{'C': 100, 'gamma': 0.001, 'kernel': 'rbf'}"
0.08418367346938775,0.016380313008230306,"{'C': 100, 'gamma': 0.0001, 'kernel': 'rbf'}"
0.08418367346938775,0.016380313008230306,"{'C': 100, 'gamma': 1e-05, 'kernel': 'rbf'}"
0.08418367346938775,0.016380313008230306,"{'C': 100, 'gamma': 1e-06, 'kernel': 'rbf'}"
0.3145408163265306,0.2532197564108895,"{'C': 1000, 'gamma': 1, 'kernel': 'rbf'}"
0.3133078231292517,0.20540340460033213,"{'C': 1000, 'gamma': 0.1, 'kernel': 'rbf'}"
0.331845238095238,0.32061459987862184,"{'C': 1000, 'gamma': 0.01, 'kernel': 'rbf'}"
0.36415816326530603,0.33256872296276085,"{'C': 1000, 'gamma': 0.001, 'kernel': 'rbf'}"
0.13523951247165533,0.20190954830860713,"{'C': 1000, 'gamma': 0.0001, 'kernel': 'rbf'}"
0.08418367346938775,0.016380313008230306,"{'C': 1000, 'gamma': 1e-05, 'kernel': 'rbf'}"
0.08418367346938775,0.016380313008230306,"{'C': 1000, 'gamma': 1e-06, 'kernel': 'rbf'}"
0.08418367346938775,0.016380313008230306,"{'C': 0.1, 'kernel': 'linear'}"
0.29490403304178814,0.38124173088408037,"{'C': 1, 'kernel': 'linear'}"
0.3277696793002915,0.2942008814181494,"{'C': 10, 'kernel': 'linear'}"
0.2788690476190476,0.30024378322469786,"{'C': 100, 'kernel': 'linear'}"
0.2447278911564626,0.29405617642360227,"{'C': 1000, 'kernel': 'linear'}"
0.08418367346938775,0.016380313008230306,"{'C': 0.1, 'gamma': 1, 'kernel': 'rbf'}"
0.08418367346938775,0.016380313008230306,"{'C': 0.1, 'gamma': 0.1, 'kernel': 'rbf'}"
0.08418367346938775,0.016380313008230306,"{'C': 0.1, 'gamma': 0.01, 'kernel': 'rbf'}"
0.08418367346938775,0.016380313008230306,"{'C': 0.1, 'gamma': 0.001, 'kernel': 'rbf'}"
0.08418367346938775,0.016380313008230306,"{'C': 0.1, 'gamma': 0.0001, 'kernel': 'rbf'}"
0.08418367346938775,0.016380313008230306,"{'C': 0.1, 'gamma': 1e-05, 'kernel': 'rbf'}"
0.08418367346938775,0.016380313008230306,"{'C': 0.1, 'gamma': 1e-06, 'kernel': 'rbf'}"
0.23327259475218662,0.27599368148372877,"{'C': 1, 'gamma': 1, 'kernel': 'rbf'}"
0.08418367346938775,0.016380313008230306,"{'C': 1, 'gamma': 0.1, 'kernel': 'rbf'}"
0.08418367346938775,0.016380313008230306,"{'C': 1, 'gamma': 0.01, 'kernel': 'rbf'}"
0.08418367346938775,0.016380313008230306,"{'C': 1, 'gamma': 0.001, 'kernel': 'rbf'}"
0.08418367346938775,0.016380313008230306,"{'C': 1, 'gamma': 0.0001, 'kernel': 'rbf'}"
0.08418367346938775,0.016380313008230306,"{'C': 1, 'gamma': 1e-05, 'kernel': 'rbf'}"
0.08418367346938775,0.016380313008230306,"{'C': 1, 'gamma': 1e-06, 'kernel': 'rbf'}"
0.24621598639455777,0.16436802085359564,"{'C': 10, 'gamma': 1, 'kernel': 'rbf'}"
0.3127125850340136,0.35446640467356655,"{'C': 10, 'gamma': 0.1, 'kernel': 'rbf'}"
0.08418367346938775,0.016380313008230306,"{'C': 10, 'gamma': 0.01, 'kernel': 'rbf'}"
0.08418367346938775,0.016380313008230306,"{'C': 10, 'gamma': 0.001, 'kernel': 'rbf'}"
0.08418367346938775,0.016380313008230306,"{'C': 10, 'gamma': 0.0001, 'kernel': 'rbf'}"
0.08418367346938775,0.016380313008230306,"{'C': 10, 'gamma': 1e-05, 'kernel': 'rbf'}"
0.08418367346938775,0.016380313008230306,"{'C': 10, 'gamma': 1e-06, 'kernel': 'rbf'}"
0.3400510204081632,0.31661437236721557,"{'C': 100, 'gamma': 1, 'kernel': 'rbf'}"
0.3594812925170068,0.21505411375454017,"{'C': 100, 'gamma': 0.1, 'kernel': 'rbf'}"
0.3048469387755102,0.26028569870658996,"{'C': 100, 'gamma': 0.01, 'kernel': 'rbf'}"
0.08418367346938775,0.016380313008230306,"{'C': 100, 'gamma': 0.001, 'kernel': 'rbf'}"
0.08418367346938775,0.016380313008230306,"{'C': 100, 'gamma': 0.0001, 'kernel': 'rbf'}"
0.08418367346938775,0.016380313008230306,"{'C': 100, 'gamma': 1e-05, 'kernel': 'rbf'}"
0.08418367346938775,0.016380313008230306,"{'C': 100, 'gamma': 1e-06, 'kernel': 'rbf'}"
0.3400510204081632,0.31661437236721557,"{'C': 1000, 'gamma': 1, 'kernel': 'rbf'}"
0.3222363945578231,0.3269606476819246,"{'C': 1000, 'gamma': 0.1, 'kernel': 'rbf'}"
0.3495383867832847,0.21945560904302247,"{'C': 1000, 'gamma': 0.01, 'kernel': 'rbf'}"
0.29736394557823126,0.2698212060105971,"{'C': 1000, 'gamma': 0.001, 'kernel': 'rbf'}"
0.08418367346938775,0.016380313008230306,"{'C': 1000, 'gamma': 0.0001, 'kernel': 'rbf'}"
0.08418367346938775,0.016380313008230306,"{'C': 1000, 'gamma': 1e-05, 'kernel': 'rbf'}"
0.08418367346938775,0.016380313008230306,"{'C': 1000, 'gamma': 1e-06, 'kernel': 'rbf'}"
0.08418367346938775,0.016380313008230306,"{'C': 0.1, 'kernel': 'linear'}"
0.2447278911564626,0.281355771293679,"{'C': 1, 'kernel': 'linear'}"
0.36955782312925173,0.32666677114409276,"{'C': 10, 'kernel': 'linear'}"
0.3030612244897959,0.2438981860168333,"{'C': 100, 'kernel': 'linear'}"
0.3123299319727891,0.33076373170622314,"{'C': 1000, 'kernel': 'linear'}"
0.08418367346938775,0.016380313008230306,"{'C': 0.1, 'gamma': 1, 'kernel': 'rbf'}"
0.08418367346938775,0.016380313008230306,"{'C': 0.1, 'gamma': 0.1, 'kernel': 'rbf'}"
0.08418367346938775,0.016380313008230306,"{'C': 0.1, 'gamma': 0.01, 'kernel': 'rbf'}"
0.08418367346938775,0.016380313008230306,"{'C': 0.1, 'gamma': 0.001, 'kernel': 'rbf'}"
0.08418367346938775,0.016380313008230306,"{'C': 0.1, 'gamma': 0.0001, 'kernel': 'rbf'}"
0.08418367346938775,0.016380313008230306,"{'C': 0.1, 'gamma': 1e-05, 'kernel': 'rbf'}"
0.08418367346938775,0.016380313008230306,"{'C': 0.1, 'gamma': 1e-06, 'kernel': 'rbf'}"
0.2379494655004859,0.24523672780387218,"{'C': 1, 'gamma': 1, 'kernel': 'rbf'}"
0.08418367346938775,0.016380313008230306,"{'C': 1, 'gamma': 0.1, 'kernel': 'rbf'}"
0.08418367346938775,0.016380313008230306,"{'C': 1, 'gamma': 0.01, 'kernel': 'rbf'}"
0.08418367346938775,0.016380313008230306,"{'C': 1, 'gamma': 0.001, 'kernel': 'rbf'}"
0.08418367346938775,0.016380313008230306,"{'C': 1, 'gamma': 0.0001, 'kernel': 'rbf'}"
0.08418367346938775,0.016380313008230306,"{'C': 1, 'gamma': 1e-05, 'kernel': 'rbf'}"
0.08418367346938775,0.016380313008230306,"{'C': 1, 'gamma': 1e-06, 'kernel': 'rbf'}"
0.26539115646258504,0.2060604181374847,"{'C': 10, 'gamma': 1, 'kernel': 'rbf'}"
0.2935799319727891,0.3679340310448172,"{'C': 10, 'gamma': 0.1, 'kernel': 'rbf'}"
0.08418367346938775,0.016380313008230306,"{'C': 10, 'gamma': 0.01, 'kernel': 'rbf'}"
0.08418367346938775,0.016380313008230306,"{'C': 10, 'gamma': 0.001, 'kernel': 'rbf'}"
0.08418367346938775,0.016380313008230306,"{'C': 10, 'gamma': 0.0001, 'kernel': 'rbf'}"
0.08418367346938775,0.016380313008230306,"{'C': 10, 'gamma': 1e-05, 'kernel': 'rbf'}"
0.08418367346938775,0.016380313008230306,"{'C': 10, 'gamma': 1e-06, 'kernel': 'rbf'}"
0.34396258503401356,0.2896311930033987,"{'C': 100, 'gamma': 1, 'kernel': 'rbf'}"
0.3623724489795918,0.2092952422178112,"{'C': 100, 'gamma': 0.1, 'kernel': 'rbf'}"
0.32121598639455784,0.3397382878273157,"{'C': 100, 'gamma': 0.01, 'kernel': 'rbf'}"
0.08418367346938775,0.016380313008230306,"{'C': 100, 'gamma': 0.001, 'kernel': 'rbf'}"
0.08418367346938775,0.016380313008230306,"{'C': 100, 'gamma': 0.0001, 'kernel': 'rbf'}"
0.08418367346938775,0.016380313008230306,"{'C': 100, 'gamma': 1e-05, 'kernel': 'rbf'}"
0.08418367346938775,0.016380313008230306,"{'C': 100, 'gamma': 1e-06, 'kernel': 'rbf'}"
0.34396258503401356,0.2896311930033987,"{'C': 1000, 'gamma': 1, 'kernel': 'rbf'}"
0.30100826044703594,0.3845865516153348,"{'C': 1000, 'gamma': 0.1, 'kernel': 'rbf'}"
0.3411625364431487,0.2483531504433993,"{'C': 1000, 'gamma': 0.01, 'kernel': 'rbf'}"
0.32121598639455784,0.3397382878273157,"{'C': 1000, 'gamma': 0.001, 'kernel': 'rbf'}"
0.08418367346938775,0.016380313008230306,"{'C': 1000, 'gamma': 0.0001, 'kernel': 'rbf'}"
0.08418367346938775,0.016380313008230306,"{'C': 1000, 'gamma': 1e-05, 'kernel': 'rbf'}"
0.08418367346938775,0.016380313008230306,"{'C': 1000, 'gamma': 1e-06, 'kernel': 'rbf'}"
0.08418367346938775,0.016380313008230306,"{'C': 0.1, 'kernel': 'linear'}"
0.24281462585034014,0.2597517855505886,"{'C': 1, 'kernel': 'linear'}"
0.36862244897959184,0.3142568621353227,"{'C': 10, 'kernel': 'linear'}"
0.2771258503401361,0.15600800942594,"{'C': 100, 'kernel': 'linear'}"
0.3031462585034013,0.1826985812113982,"{'C': 1000, 'kernel': 'linear'}"
